label,loss_amount,round_number,purchased_coverage,random_number,state,timer_faq_choiceaffectsprice,timer_faq_howitworks,timer_faq_noinsurance,timer_faq_coverage,timer_char7,timer_char4,timer_char3,timer_char2,timer_char1,insurance,WTP,belief,prob,var4,var3,var2,var1,number_entered,result_risk,session.code,treatment,age,gender,smoker,health,exercisedays,exercisehours,insurancehealth,lifeinsurance,riskdriving,riskfinance,risksport,riskjob,riskhealth,risk,final_payoff,HL_switchpoint,HLLF_switchpoint,diff_belief_prob,timer_all_chars
5d3587a13e11900001093ae8,20.0,1.0,1.0,15.0,healthy,2142.0,30241.0,,1097.0,,24862.0,10497.0,29576.0,28098.0,15.0,17.0,59.25,0.3220395695513543,8.0,1.0,7.8731,1.0,50.0,0.0,5hy6vola,varinfo,28.0,1.0,1.0,8.0,6.0,2.0,1.0,0.0,0.0,7.0,6.0,3.0,1.0,4.0,418.0,0.0,2.0,27.046043044864568,93033.0
5bbd1d04df2fb80001733d30,20.0,1.0,0.0,19.0,healthy,192.0,,,86.0,,,,,124.0,19.0,12.0,39.75,0.3220395695513543,8.0,1.0,7.8731,1.0,5.0,57.5,5hy6vola,fullinfo,34.0,1.0,0.0,8.0,7.0,1.0,1.0,1.0,0.0,3.0,1.0,1.0,0.0,2.0,677.5,8.0,8.0,7.546043044864568,
604fa685e33606f9a0ee8189,100.0,1.0,0.0,51.0,healthy,2626.0,76966.0,,1284.0,,11791.0,9404.0,13797.0,12869.0,51.0,45.0,35.0,0.3220395695513543,8.0,1.0,7.8731,1.0,25.0,25.0,5hy6vola,neginfo,26.0,1.0,0.0,7.0,5.0,1.5,1.0,0.0,1.0,7.0,9.0,6.0,5.0,6.0,559.0,4.0,2.0,2.796043044864568,47861.0
54258078fdf99b691fb3858e,40.0,1.0,0.0,4.0,healthy,4846.0,57500.0,,2348.0,9534.0,2650.0,4447.0,12437.0,10243.0,4.0,0.0,50.0,0.3220395695513543,8.0,1.0,7.8731,1.0,50.0,0.0,5hy6vola,baseline,33.0,0.0,0.0,9.0,5.0,1.0,1.0,0.0,7.0,10.0,8.0,6.0,4.0,7.0,513.0,,0.0,17.796043044864568,29777.0
5e2e7ffe484f9b45e086fdc0,20.0,1.0,0.0,13.0,healthy,492.0,1500.0,,740.0,,22741.0,4510.0,8298.0,8292.0,13.0,0.0,35.5,0.3220395695513543,8.0,1.0,7.8731,1.0,15.0,72.5,5hy6vola,posinfo,39.0,1.0,0.0,4.0,0.0,0.5,1.0,0.0,7.0,5.0,5.0,6.0,7.0,5.0,613.5,5.0,3.0,3.296043044864568,43841.0
62b57d34b7bdc2d0835fab76,80.0,1.0,0.0,30.0,healthy,101.0,86.0,,113.0,,,,,62.0,30.0,20.0,60.75,0.2689415536215669,4.0,1.0,2.0,1.0,0.1,49.9,5hy6vola,posinfo,55.0,1.0,0.0,9.0,0.0,0.0,1.0,1.0,6.0,9.0,8.0,5.0,7.0,8.0,519.9,7.0,6.0,33.855844637843305,
6310c063bd0cce86b0289d20,20.0,1.0,0.0,15.0,healthy,68.0,477.0,,1193.0,,92.0,159.0,1727.0,3918.0,15.0,10.0,35.5,0.2689415536215669,4.0,1.0,2.0,1.0,50.0,125.0,5hy6vola,neginfo,25.0,0.0,0.0,8.0,4.0,1.0,1.0,0.0,4.0,8.0,8.0,2.0,7.0,5.0,705.0,5.0,4.0,8.605844637843308,5896.0
5ec79cbd44972a1fceed2719,40.0,1.0,1.0,1.0,healthy,5509.0,34574.0,,1799.0,15851.0,23467.0,16412.0,14992.0,24757.0,1.0,8.0,18.5,0.2689415536215669,4.0,1.0,2.0,1.0,30.0,95.0,5hy6vola,baseline,62.0,0.0,0.0,10.0,2.0,2.0,1.0,0.0,1.0,5.0,7.0,3.0,2.0,4.0,746.0,7.0,7.0,-8.394155362156692,79628.0
5ca9bc7978958e0016c5008b,20.0,1.0,0.0,16.0,healthy,,,,,2583.0,774.0,424.0,1351.0,10655.0,16.0,9.0,50.0,0.2689415536215669,4.0,1.0,2.0,1.0,50.0,125.0,5hy6vola,fullinfo,46.0,0.0,0.0,3.0,4.0,0.5,1.0,0.0,0.0,2.0,5.0,0.0,2.0,2.0,690.0,5.0,5.0,23.105844637843308,13204.0
59c4f0a2916c4d000109428a,20.0,1.0,0.0,12.0,ill,8575.0,2457.0,,2156.0,,,,,,12.0,10.0,55.0,0.2689415536215669,4.0,1.0,2.0,1.0,0.5,49.5,5hy6vola,varinfo,40.0,0.0,1.0,6.0,3.0,1.0,1.0,0.0,6.0,8.0,10.0,8.0,2.0,6.0,506.5,6.0,0.0,28.105844637843308,
62e079d42015639ea995ec87,40.0,1.0,0.0,13.0,healthy,1152.0,30088.0,,743.0,8622.0,26096.0,6140.0,12507.0,9813.0,13.0,0.0,21.5,0.2141651641257343,6.0,0.0,4.0,0.0,10.0,40.0,5hy6vola,fullinfo,22.0,0.0,0.0,7.0,2.0,2.0,1.0,0.0,3.0,3.0,6.0,3.0,3.0,4.0,759.0,6.0,4.0,0.0834835874265707,54556.0
5b258c9ba7cee100011d8aad,40.0,1.0,1.0,4.0,healthy,2181.0,26027.0,,1996.0,,13160.0,7877.0,22335.0,17550.0,4.0,15.0,35.0,0.2141651641257343,6.0,0.0,4.0,0.0,50.0,0.0,5hy6vola,neginfo,28.0,0.0,0.0,8.0,3.0,1.0,1.0,0.0,0.0,7.0,3.0,5.0,3.0,5.0,519.0,8.0,7.0,13.58348358742657,60922.0
62db2644ab0a3a353c0dcb54,100.0,1.0,1.0,29.0,healthy,4678.0,3497.0,,2506.0,,25772.0,8767.0,6825.0,16032.0,29.0,60.0,66.5,0.2141651641257343,6.0,0.0,4.0,0.0,10.0,65.0,5hy6vola,posinfo,42.0,0.0,0.0,6.0,2.0,1.5,-1.0,-1.0,0.0,5.0,6.0,5.0,2.0,6.0,573.0,7.0,5.0,45.08348358742657,57396.0
62a6083829363a3be4bcea6b,80.0,1.0,0.0,45.0,ill,275.0,1906.0,,216.0,,,4926.0,227.0,11309.0,45.0,6.0,50.5,0.2141651641257343,6.0,0.0,4.0,0.0,25.0,87.5,5hy6vola,varinfo,27.0,1.0,0.0,8.0,5.0,1.0,1.0,0.0,5.0,5.0,5.0,5.0,3.0,6.0,539.5,4.0,3.0,29.08348358742657,
5ef08aa7177a735c78ffbf40,80.0,1.0,1.0,17.0,ill,4466.0,1574.0,,,6249.0,9716.0,3072.0,35475.0,11061.0,17.0,45.0,50.0,0.2141651641257343,6.0,0.0,4.0,0.0,50.0,0.0,5hy6vola,baseline,21.0,0.0,0.0,8.0,3.0,1.0,1.0,0.0,-1.0,2.0,5.0,4.0,1.0,3.0,543.0,6.0,,28.58348358742657,59324.0
5ccef4423f15b900199e1ec3,20.0,1.0,0.0,16.0,healthy,11466.0,24829.0,,121.0,,,,,108.0,16.0,14.0,55.0,0.7359452599427667,2.0,0.0,5.5,0.0,0.0,50.0,5hy6vola,posinfo,49.0,1.0,0.0,8.0,5.0,1.0,1.0,0.0,2.0,2.0,2.0,1.0,1.0,2.0,442.0,8.0,4.0,-18.594525994276665,
5c43724ab00b3300018f49bf,100.0,1.0,0.0,57.0,ill,10480.0,30195.0,,2696.0,5921.0,7566.0,17859.0,14141.0,23732.0,57.0,40.0,47.5,0.7359452599427667,2.0,0.0,5.5,0.0,15.0,35.0,5hy6vola,baseline,24.0,1.0,0.0,7.0,3.0,2.0,1.0,0.0,0.0,6.0,6.0,2.0,6.0,4.0,609.0,6.0,3.0,-26.094525994276665,63298.0
5f5bb87a0093333445af65f2,40.0,1.0,0.0,38.0,ill,7.0,49.0,,,,17.0,16.0,18.0,116.0,38.0,12.0,44.5,0.7359452599427667,2.0,0.0,5.5,0.0,20.0,30.0,5hy6vola,varinfo,39.0,0.0,1.0,6.0,7.0,1.0,0.0,1.0,8.0,10.0,8.0,7.0,7.0,8.0,554.0,9.0,9.0,-29.094525994276665,167.0
5bec91e66cb00e00015b8a7b,60.0,1.0,1.0,8.0,ill,1984.0,3670.0,,2334.0,,10220.0,9099.0,6235.0,1902.0,8.0,20.0,62.25,0.7359452599427667,2.0,0.0,5.5,0.0,17.0,33.0,5hy6vola,neginfo,33.0,1.0,1.0,7.0,7.0,1.0,1.0,0.0,0.0,5.0,3.0,4.0,4.0,5.0,599.0,,3.0,-11.344525994276665,27456.0
6278d1758a5f6d5af02d863c,60.0,1.0,1.0,11.0,ill,8604.0,51917.0,,3501.0,,48876.0,26915.0,199426.0,94024.0,11.0,36.0,80.25,0.9589086383106238,0.0,0.0,7.0,1.0,50.0,0.0,5hy6vola,varinfo,52.0,0.0,0.0,3.0,4.0,1.5,1.0,0.0,0.0,3.0,1.0,3.0,1.0,2.0,531.0,6.0,6.0,-15.640863831062376,369241.0
5755c957eb80c4000741a9ce,100.0,1.0,1.0,75.0,ill,2842.0,,,924.0,,,,1214.0,18793.0,75.0,75.0,89.5,0.9589086383106238,0.0,0.0,7.0,1.0,10.0,40.0,5hy6vola,neginfo,40.0,0.0,0.0,6.0,0.0,0.0,1.0,0.0,2.0,6.0,4.0,7.0,2.0,3.0,669.0,7.0,4.0,-6.390863831062376,
55b78162fdf99b0416ce544e,40.0,1.0,0.0,37.0,ill,5296.0,18968.0,,1181.0,5095.0,4049.0,10768.0,12861.0,26967.0,37.0,25.0,74.5,0.9589086383106238,0.0,0.0,7.0,1.0,20.0,30.0,5hy6vola,baseline,47.0,1.0,0.0,6.0,3.0,0.75,0.0,1.0,5.0,7.0,3.0,5.0,4.0,6.0,346.0,6.0,,-21.390863831062376,54645.0
5f9802a1306ea3045e8c0b43,40.0,1.0,1.0,9.0,ill,6963.0,14193.0,,1207.0,12445.0,6660.0,15794.0,14290.0,15151.0,9.0,20.0,71.0,0.9589086383106238,0.0,0.0,7.0,1.0,50.0,125.0,5hy6vola,fullinfo,34.0,0.0,0.0,5.0,0.0,0.0,1.0,0.0,0.0,3.0,7.0,5.0,6.0,4.0,709.0,6.0,4.0,-24.890863831062376,51895.0
5eff6065cc8d32014292657f,80.0,1.0,0.0,53.0,ill,,,,,,81.0,,2425.0,3177.0,53.0,40.0,31.0,0.9589086383106238,0.0,0.0,7.0,1.0,30.0,20.0,5hy6vola,posinfo,34.0,1.0,0.0,8.0,3.0,20.0,1.0,1.0,4.0,5.0,7.0,6.0,5.0,6.0,397.0,8.0,7.0,-64.89086383106238,
6001718a9125cb02cdaf26a1,60.0,1.0,0.0,24.0,healthy,1470.0,7614.0,,1453.0,,24838.0,3600.0,8353.0,10601.0,24.0,0.0,80.0,0.3220395695513543,8.0,1.0,7.8731,1.0,0.0,50.0,5hy6vola,varinfo,30.0,1.0,0.0,7.0,1.0,0.0,1.0,0.0,4.0,0.0,4.0,1.0,3.0,2.0,618.0,7.0,0.0,47.79604304486457,47392.0
5d3587a13e11900001093ae8,80.0,2.0,1.0,47.0,healthy,2813.0,6120.0,,772.0,,8468.0,3245.0,10117.0,8255.0,47.0,65.0,90.5,0.3658644948225181,9.0,0.0,10.0,0.0,50.0,0.0,5hy6vola,varinfo,28.0,1.0,1.0,8.0,6.0,2.0,1.0,0.0,0.0,7.0,6.0,3.0,1.0,4.0,418.0,0.0,2.0,53.91355051774819,30085.0
5bbd1d04df2fb80001733d30,40.0,2.0,0.0,12.0,healthy,128.0,143.0,,95.0,149.0,115.0,116.0,162.0,94.0,12.0,10.0,24.0,0.3658644948225181,9.0,0.0,10.0,0.0,5.0,57.5,5hy6vola,fullinfo,34.0,1.0,0.0,8.0,7.0,1.0,1.0,1.0,0.0,3.0,1.0,1.0,0.0,2.0,677.5,8.0,8.0,-12.586449482251808,487.0
604fa685e33606f9a0ee8189,80.0,2.0,0.0,78.0,ill,,,,,,936.0,2269.0,9387.0,10851.0,78.0,60.0,60.25,0.3658644948225181,9.0,0.0,10.0,0.0,25.0,25.0,5hy6vola,neginfo,26.0,1.0,0.0,7.0,5.0,1.5,1.0,0.0,1.0,7.0,9.0,6.0,5.0,6.0,559.0,4.0,2.0,23.66355051774819,23443.0
54258078fdf99b691fb3858e,60.0,2.0,0.0,43.0,ill,,,,,6411.0,2050.0,1982.0,8199.0,6322.0,43.0,15.0,35.0,0.3658644948225181,9.0,0.0,10.0,0.0,50.0,0.0,5hy6vola,baseline,33.0,0.0,0.0,9.0,5.0,1.0,1.0,0.0,7.0,10.0,8.0,6.0,4.0,7.0,513.0,,0.0,-1.5864494822518083,18553.0
5e2e7ffe484f9b45e086fdc0,40.0,2.0,0.0,17.0,ill,,,,,,1341.0,2214.0,3080.0,4489.0,17.0,5.0,50.0,0.3658644948225181,9.0,0.0,10.0,0.0,15.0,72.5,5hy6vola,posinfo,39.0,1.0,0.0,4.0,0.0,0.5,1.0,0.0,7.0,5.0,5.0,6.0,7.0,5.0,613.5,5.0,3.0,13.413550517748192,11124.0
62b57d34b7bdc2d0835fab76,60.0,2.0,1.0,10.0,healthy,,,,,,34074.0,39809.0,12483.0,21307.0,10.0,10.0,47.0,0.0573242776758309,7.0,0.0,1.0,0.0,0.1,49.9,5hy6vola,posinfo,55.0,1.0,0.0,9.0,0.0,0.0,1.0,1.0,6.0,9.0,8.0,5.0,7.0,8.0,519.9,7.0,6.0,41.26757223241691,107673.0
6310c063bd0cce86b0289d20,80.0,2.0,1.0,3.0,healthy,,,,,,,,2375.0,2099.0,3.0,44.0,40.5,0.0573242776758309,7.0,0.0,1.0,0.0,50.0,125.0,5hy6vola,neginfo,25.0,0.0,0.0,8.0,4.0,1.0,1.0,0.0,4.0,8.0,8.0,2.0,7.0,5.0,705.0,5.0,4.0,34.76757223241691,
5ec79cbd44972a1fceed2719,80.0,2.0,0.0,7.0,healthy,,,,,,8665.0,2378.0,4123.0,4800.0,7.0,1.0,4.0,0.0573242776758309,7.0,0.0,1.0,0.0,30.0,95.0,5hy6vola,baseline,62.0,0.0,0.0,10.0,2.0,2.0,1.0,0.0,1.0,5.0,7.0,3.0,2.0,4.0,746.0,7.0,7.0,-1.73242776758309,19966.0
5ca9bc7978958e0016c5008b,100.0,2.0,0.0,94.0,healthy,,,,,,,,,1929.0,94.0,46.0,53.0,0.0573242776758309,7.0,0.0,1.0,0.0,50.0,125.0,5hy6vola,fullinfo,46.0,0.0,0.0,3.0,4.0,0.5,1.0,0.0,0.0,2.0,5.0,0.0,2.0,2.0,690.0,5.0,5.0,47.26757223241691,
59c4f0a2916c4d000109428a,80.0,2.0,0.0,27.0,healthy,,,,,,768.0,2214.0,2498.0,2582.0,27.0,20.0,55.0,0.0573242776758309,7.0,0.0,1.0,0.0,0.5,49.5,5hy6vola,varinfo,40.0,0.0,1.0,6.0,3.0,1.0,1.0,0.0,6.0,8.0,10.0,8.0,2.0,6.0,506.5,6.0,0.0,49.26757223241691,8062.0
62e079d42015639ea995ec87,60.0,2.0,1.0,30.0,ill,3065.0,3271.0,,662.0,2642.0,927.0,4279.0,2115.0,1630.0,30.0,45.0,75.0,0.731058446378433,5.0,1.0,9.0,1.0,10.0,40.0,5hy6vola,fullinfo,22.0,0.0,0.0,7.0,2.0,2.0,1.0,0.0,3.0,3.0,6.0,3.0,3.0,4.0,759.0,6.0,4.0,1.8941553621566953,8951.0
5b258c9ba7cee100011d8aad,20.0,2.0,1.0,6.0,ill,393.0,,,590.0,,3736.0,2603.0,3673.0,3882.0,6.0,20.0,50.0,0.731058446378433,5.0,1.0,9.0,1.0,50.0,0.0,5hy6vola,neginfo,28.0,0.0,0.0,8.0,3.0,1.0,1.0,0.0,0.0,7.0,3.0,5.0,3.0,5.0,519.0,8.0,7.0,-23.105844637843305,13894.0
62db2644ab0a3a353c0dcb54,40.0,2.0,0.0,28.0,ill,,,,,,9452.0,7889.0,3128.0,2529.0,28.0,25.0,72.75,0.731058446378433,5.0,1.0,9.0,1.0,10.0,65.0,5hy6vola,posinfo,42.0,0.0,0.0,6.0,2.0,1.5,-1.0,-1.0,0.0,5.0,6.0,5.0,2.0,6.0,573.0,7.0,5.0,-0.35584463784330467,22998.0
62a6083829363a3be4bcea6b,20.0,2.0,1.0,19.0,ill,1545.0,1393.0,,93.0,,,,1473.0,86.0,19.0,20.0,25.25,0.731058446378433,5.0,1.0,9.0,1.0,25.0,87.5,5hy6vola,varinfo,27.0,1.0,0.0,8.0,5.0,1.0,1.0,0.0,5.0,5.0,5.0,5.0,3.0,6.0,539.5,4.0,3.0,-47.855844637843305,
5ef08aa7177a735c78ffbf40,60.0,2.0,1.0,16.0,ill,,,,,16177.0,7006.0,5875.0,4702.0,4953.0,16.0,35.0,60.0,0.731058446378433,5.0,1.0,9.0,1.0,50.0,0.0,5hy6vola,baseline,21.0,0.0,0.0,8.0,3.0,1.0,1.0,0.0,-1.0,2.0,5.0,4.0,1.0,3.0,543.0,6.0,,-13.105844637843305,22536.0
5ccef4423f15b900199e1ec3,100.0,2.0,1.0,27.0,healthy,,,,,,,,,,27.0,100.0,100.0,0.4328171666771135,3.15637,1.0,3.0,1.0,0.0,50.0,5hy6vola,posinfo,49.0,1.0,0.0,8.0,5.0,1.0,1.0,0.0,2.0,2.0,2.0,1.0,1.0,2.0,442.0,8.0,4.0,56.71828333228865,
5c43724ab00b3300018f49bf,20.0,2.0,0.0,6.0,ill,4279.0,,,,1632.0,12868.0,11779.0,3772.0,6416.0,6.0,5.0,50.0,0.4328171666771135,3.15637,1.0,3.0,1.0,15.0,35.0,5hy6vola,baseline,24.0,1.0,0.0,7.0,3.0,2.0,1.0,0.0,0.0,6.0,6.0,2.0,6.0,4.0,609.0,6.0,3.0,6.7182833322886495,34835.0
5f5bb87a0093333445af65f2,100.0,2.0,1.0,23.0,healthy,,,,,,15.0,12.0,18.0,20.0,23.0,34.0,34.0,0.4328171666771135,3.15637,1.0,3.0,1.0,20.0,30.0,5hy6vola,varinfo,39.0,0.0,1.0,6.0,7.0,1.0,0.0,1.0,8.0,10.0,8.0,7.0,7.0,8.0,554.0,9.0,9.0,-9.28171666771135,65.0
5bec91e66cb00e00015b8a7b,20.0,2.0,1.0,6.0,healthy,,,,,,1254.0,1183.0,1183.0,2181.0,6.0,9.0,44.0,0.4328171666771135,3.15637,1.0,3.0,1.0,17.0,33.0,5hy6vola,neginfo,33.0,1.0,1.0,7.0,7.0,1.0,1.0,0.0,0.0,5.0,3.0,4.0,4.0,5.0,599.0,,3.0,0.7182833322886495,5801.0
6278d1758a5f6d5af02d863c,100.0,2.0,0.0,36.0,healthy,1207.0,1199.0,,2333.0,,2208.0,1654.0,6584.0,3208.0,36.0,32.0,76.0,0.912934101914502,1.0,0.0,6.0,1.0,50.0,0.0,5hy6vola,varinfo,52.0,0.0,0.0,3.0,4.0,1.5,1.0,0.0,0.0,3.0,1.0,3.0,1.0,2.0,531.0,6.0,6.0,-15.293410191450192,13654.0
5755c957eb80c4000741a9ce,20.0,2.0,1.0,8.0,ill,,,,,,618.0,916.0,965.0,2937.0,8.0,15.0,82.0,0.912934101914502,1.0,0.0,6.0,1.0,10.0,40.0,5hy6vola,neginfo,40.0,0.0,0.0,6.0,0.0,0.0,1.0,0.0,2.0,6.0,4.0,7.0,2.0,3.0,669.0,7.0,4.0,-9.293410191450192,5436.0
55b78162fdf99b0416ce544e,80.0,2.0,1.0,59.0,ill,,,,,1134.0,1765.0,3081.0,3101.0,877.0,59.0,75.0,73.25,0.912934101914502,1.0,0.0,6.0,1.0,20.0,30.0,5hy6vola,baseline,47.0,1.0,0.0,6.0,3.0,0.75,0.0,1.0,5.0,7.0,3.0,5.0,4.0,6.0,346.0,6.0,,-18.043410191450192,8824.0
5f9802a1306ea3045e8c0b43,20.0,2.0,1.0,10.0,ill,,,,,18774.0,907.0,703.0,1035.0,833.0,10.0,13.0,81.75,0.912934101914502,1.0,0.0,6.0,1.0,50.0,125.0,5hy6vola,fullinfo,34.0,0.0,0.0,5.0,0.0,0.0,1.0,0.0,0.0,3.0,7.0,5.0,6.0,4.0,709.0,6.0,4.0,-9.543410191450192,3478.0
5eff6065cc8d32014292657f,20.0,2.0,1.0,5.0,ill,,,,,,2274.0,965.0,93.0,2861.0,5.0,20.0,13.0,0.912934101914502,1.0,0.0,6.0,1.0,30.0,20.0,5hy6vola,posinfo,34.0,1.0,0.0,8.0,3.0,20.0,1.0,1.0,4.0,5.0,7.0,6.0,5.0,6.0,397.0,8.0,7.0,-78.29341019145019,6193.0
6001718a9125cb02cdaf26a1,20.0,2.0,0.0,16.0,healthy,,,,,,7825.0,1911.0,2025.0,4534.0,16.0,0.0,50.0,0.0573242776758309,7.0,0.0,1.0,0.0,0.0,50.0,5hy6vola,varinfo,30.0,1.0,0.0,7.0,1.0,0.0,1.0,0.0,4.0,0.0,4.0,1.0,3.0,2.0,618.0,7.0,0.0,44.26757223241691,16295.0
5d3587a13e11900001093ae8,40.0,3.0,1.0,33.0,ill,,4169.0,,561.0,,3957.0,1168.0,6830.0,5680.0,33.0,35.0,76.25,0.880796936729369,1.0,0.0,5.0,1.0,50.0,0.0,5hy6vola,varinfo,28.0,1.0,1.0,8.0,6.0,2.0,1.0,0.0,0.0,7.0,6.0,3.0,1.0,4.0,418.0,0.0,2.0,-11.829693672936898,17635.0
5bbd1d04df2fb80001733d30,100.0,3.0,0.0,76.0,ill,95.0,,,77.0,,,,,117.0,76.0,19.0,89.5,0.880796936729369,1.0,0.0,5.0,1.0,5.0,57.5,5hy6vola,fullinfo,34.0,1.0,0.0,8.0,7.0,1.0,1.0,1.0,0.0,3.0,1.0,1.0,0.0,2.0,677.5,8.0,8.0,1.420306327063102,
604fa685e33606f9a0ee8189,40.0,3.0,0.0,22.0,ill,,,,,,572.0,1313.0,2011.0,5539.0,22.0,20.0,62.0,0.880796936729369,1.0,0.0,5.0,1.0,25.0,25.0,5hy6vola,neginfo,26.0,1.0,0.0,7.0,5.0,1.5,1.0,0.0,1.0,7.0,9.0,6.0,5.0,6.0,559.0,4.0,2.0,-26.079693672936898,9435.0
54258078fdf99b691fb3858e,100.0,3.0,1.0,36.0,ill,,,,,995.0,1227.0,3060.0,2005.0,8748.0,36.0,40.0,80.0,0.880796936729369,1.0,0.0,5.0,1.0,50.0,0.0,5hy6vola,baseline,33.0,0.0,0.0,9.0,5.0,1.0,1.0,0.0,7.0,10.0,8.0,6.0,4.0,7.0,513.0,,0.0,-8.079693672936898,15040.0
5e2e7ffe484f9b45e086fdc0,80.0,3.0,1.0,35.0,ill,,,,,,518.0,546.0,675.0,607.0,35.0,40.0,79.0,0.880796936729369,1.0,0.0,5.0,1.0,15.0,72.5,5hy6vola,posinfo,39.0,1.0,0.0,4.0,0.0,0.5,1.0,0.0,7.0,5.0,5.0,6.0,7.0,5.0,613.5,5.0,3.0,-9.079693672936898,2346.0
62b57d34b7bdc2d0835fab76,40.0,3.0,0.0,25.0,healthy,,,,,,11085.0,25592.0,15304.0,6187.0,25.0,5.0,46.25,0.270579518757704,7.0,1.0,7.8809,0.0,0.1,49.9,5hy6vola,posinfo,55.0,1.0,0.0,9.0,0.0,0.0,1.0,1.0,6.0,9.0,8.0,5.0,7.0,8.0,519.9,7.0,6.0,19.192048124229604,58168.0
6310c063bd0cce86b0289d20,40.0,3.0,1.0,1.0,healthy,,,,,,2326.0,1319.0,5109.0,3912.0,1.0,30.0,58.5,0.270579518757704,7.0,1.0,7.8809,0.0,50.0,125.0,5hy6vola,neginfo,25.0,0.0,0.0,8.0,4.0,1.0,1.0,0.0,4.0,8.0,8.0,2.0,7.0,5.0,705.0,5.0,4.0,31.442048124229604,12666.0
5ec79cbd44972a1fceed2719,100.0,3.0,0.0,62.0,healthy,,,,,,2765.0,6634.0,10042.0,3615.0,62.0,15.0,30.25,0.270579518757704,7.0,1.0,7.8809,0.0,30.0,95.0,5hy6vola,baseline,62.0,0.0,0.0,10.0,2.0,2.0,1.0,0.0,1.0,5.0,7.0,3.0,2.0,4.0,746.0,7.0,7.0,3.192048124229604,23056.0
5ca9bc7978958e0016c5008b,80.0,3.0,1.0,7.0,healthy,,,,,,,,,,7.0,34.0,52.5,0.270579518757704,7.0,1.0,7.8809,0.0,50.0,125.0,5hy6vola,fullinfo,46.0,0.0,0.0,3.0,4.0,0.5,1.0,0.0,0.0,2.0,5.0,0.0,2.0,2.0,690.0,5.0,5.0,25.442048124229604,
59c4f0a2916c4d000109428a,60.0,3.0,0.0,45.0,healthy,,,,,,,,,,45.0,10.0,55.0,0.270579518757704,7.0,1.0,7.8809,0.0,0.5,49.5,5hy6vola,varinfo,40.0,0.0,1.0,6.0,3.0,1.0,1.0,0.0,6.0,8.0,10.0,8.0,2.0,6.0,506.5,6.0,0.0,27.942048124229604,
62e079d42015639ea995ec87,20.0,3.0,1.0,6.0,healthy,,,,438.0,7899.0,1248.0,716.0,1227.0,1637.0,6.0,15.0,80.0,0.7772997156254003,5.0,0.0,8.0,1.0,10.0,40.0,5hy6vola,fullinfo,22.0,0.0,0.0,7.0,2.0,2.0,1.0,0.0,3.0,3.0,6.0,3.0,3.0,4.0,759.0,6.0,4.0,2.2700284374599704,4828.0
5b258c9ba7cee100011d8aad,100.0,3.0,1.0,22.0,healthy,,,,,,2443.0,3581.0,4412.0,1975.0,22.0,100.0,86.75,0.7772997156254003,5.0,0.0,8.0,1.0,50.0,0.0,5hy6vola,neginfo,28.0,0.0,0.0,8.0,3.0,1.0,1.0,0.0,0.0,7.0,3.0,5.0,3.0,5.0,519.0,8.0,7.0,9.02002843745997,12411.0
62db2644ab0a3a353c0dcb54,80.0,3.0,1.0,14.0,ill,,,,,,7122.0,3530.0,2316.0,1289.0,14.0,60.0,67.5,0.7772997156254003,5.0,0.0,8.0,1.0,10.0,65.0,5hy6vola,posinfo,42.0,0.0,0.0,6.0,2.0,1.5,-1.0,-1.0,0.0,5.0,6.0,5.0,2.0,6.0,573.0,7.0,5.0,-10.22997156254003,14257.0
62a6083829363a3be4bcea6b,40.0,3.0,1.0,13.0,ill,1408.0,879.0,,123.0,,,,960.0,418.0,13.0,22.0,50.75,0.7772997156254003,5.0,0.0,8.0,1.0,25.0,87.5,5hy6vola,varinfo,27.0,1.0,0.0,8.0,5.0,1.0,1.0,0.0,5.0,5.0,5.0,5.0,3.0,6.0,539.5,4.0,3.0,-26.97997156254003,
5ef08aa7177a735c78ffbf40,40.0,3.0,0.0,26.0,ill,,,,,,2477.0,1693.0,613.0,983.0,26.0,25.0,50.0,0.7772997156254003,5.0,0.0,8.0,1.0,50.0,0.0,5hy6vola,baseline,21.0,0.0,0.0,8.0,3.0,1.0,1.0,0.0,-1.0,2.0,5.0,4.0,1.0,3.0,543.0,6.0,,-27.72997156254003,5766.0
5ccef4423f15b900199e1ec3,80.0,3.0,1.0,50.0,healthy,,,,,,4027.0,3996.0,5221.0,5172.0,50.0,55.0,81.75,0.0338952379492888,10.0,1.0,5.0,0.0,0.0,50.0,5hy6vola,posinfo,49.0,1.0,0.0,8.0,5.0,1.0,1.0,0.0,2.0,2.0,2.0,1.0,1.0,2.0,442.0,8.0,4.0,78.36047620507112,18416.0
5c43724ab00b3300018f49bf,80.0,3.0,0.0,52.0,healthy,870.0,2197.0,,2260.0,1204.0,2341.0,2045.0,1453.0,3749.0,52.0,25.0,16.5,0.0338952379492888,10.0,1.0,5.0,0.0,15.0,35.0,5hy6vola,baseline,24.0,1.0,0.0,7.0,3.0,2.0,1.0,0.0,0.0,6.0,6.0,2.0,6.0,4.0,609.0,6.0,3.0,13.11047620507112,9588.0
5f5bb87a0093333445af65f2,80.0,3.0,0.0,46.0,healthy,,,,,,12.0,16.0,16.0,20.0,46.0,20.0,31.5,0.0338952379492888,10.0,1.0,5.0,0.0,20.0,30.0,5hy6vola,varinfo,39.0,0.0,1.0,6.0,7.0,1.0,0.0,1.0,8.0,10.0,8.0,7.0,7.0,8.0,554.0,9.0,9.0,28.11047620507112,64.0
5bec91e66cb00e00015b8a7b,80.0,3.0,1.0,6.0,healthy,,,,,,808.0,857.0,1137.0,974.0,6.0,10.0,34.0,0.0338952379492888,10.0,1.0,5.0,0.0,17.0,33.0,5hy6vola,neginfo,33.0,1.0,1.0,7.0,7.0,1.0,1.0,0.0,0.0,5.0,3.0,4.0,4.0,5.0,599.0,,3.0,30.61047620507112,3776.0
6278d1758a5f6d5af02d863c,80.0,3.0,0.0,63.0,healthy,,,,,,10295.0,20645.0,18546.0,8045.0,63.0,28.0,68.25,0.5374298202606297,3.0,1.0,6.0,0.0,50.0,0.0,5hy6vola,varinfo,52.0,0.0,0.0,3.0,4.0,1.5,1.0,0.0,0.0,3.0,1.0,3.0,1.0,2.0,531.0,6.0,6.0,14.507017973937032,57531.0
5755c957eb80c4000741a9ce,80.0,3.0,0.0,62.0,healthy,,,,,,4137.0,1977.0,5405.0,4489.0,62.0,44.0,55.75,0.5374298202606297,3.0,1.0,6.0,0.0,10.0,40.0,5hy6vola,neginfo,40.0,0.0,0.0,6.0,0.0,0.0,1.0,0.0,2.0,6.0,4.0,7.0,2.0,3.0,669.0,7.0,4.0,2.0070179739370317,16008.0
55b78162fdf99b0416ce544e,100.0,3.0,1.0,53.0,healthy,,,,,,3237.0,6749.0,3398.0,8868.0,53.0,94.0,64.5,0.5374298202606297,3.0,1.0,6.0,0.0,20.0,30.0,5hy6vola,baseline,47.0,1.0,0.0,6.0,3.0,0.75,0.0,1.0,5.0,7.0,3.0,5.0,4.0,6.0,346.0,6.0,,10.757017973937032,22252.0
5f9802a1306ea3045e8c0b43,60.0,3.0,1.0,19.0,healthy,,,,,8856.0,,,,,19.0,35.0,45.5,0.5374298202606297,3.0,1.0,6.0,0.0,50.0,125.0,5hy6vola,fullinfo,34.0,0.0,0.0,5.0,0.0,0.0,1.0,0.0,0.0,3.0,7.0,5.0,6.0,4.0,709.0,6.0,4.0,-8.242982026062968,
5eff6065cc8d32014292657f,60.0,3.0,0.0,55.0,ill,,,,,,9.0,,3343.0,,55.0,45.0,60.5,0.5374298202606297,3.0,1.0,6.0,0.0,30.0,20.0,5hy6vola,posinfo,34.0,1.0,0.0,8.0,3.0,20.0,1.0,1.0,4.0,5.0,7.0,6.0,5.0,6.0,397.0,8.0,7.0,6.757017973937032,
6001718a9125cb02cdaf26a1,40.0,3.0,0.0,17.0,ill,,,,,,806.0,3711.0,936.0,862.0,17.0,5.0,60.75,0.5374298202606297,3.0,1.0,6.0,0.0,0.0,50.0,5hy6vola,varinfo,30.0,1.0,0.0,7.0,1.0,0.0,1.0,0.0,4.0,0.0,4.0,1.0,3.0,2.0,618.0,7.0,0.0,7.007017973937032,6315.0
5d3587a13e11900001093ae8,100.0,4.0,1.0,10.0,ill,1588.0,3544.0,,566.0,,2878.0,3599.0,6169.0,1407.0,10.0,95.0,61.0,0.3893608380189251,2.0,1.0,3.0,0.0,50.0,0.0,5hy6vola,varinfo,28.0,1.0,1.0,8.0,6.0,2.0,1.0,0.0,0.0,7.0,6.0,3.0,1.0,4.0,418.0,0.0,2.0,22.063916198107485,14053.0
5bbd1d04df2fb80001733d30,60.0,4.0,1.0,9.0,ill,,,,,,,,,1260.0,9.0,17.0,37.0,0.3893608380189251,2.0,1.0,3.0,0.0,5.0,57.5,5hy6vola,fullinfo,34.0,1.0,0.0,8.0,7.0,1.0,1.0,1.0,0.0,3.0,1.0,1.0,0.0,2.0,677.5,8.0,8.0,-1.936083801892515,
604fa685e33606f9a0ee8189,60.0,4.0,1.0,38.0,ill,,,,,,792.0,1643.0,1214.0,3415.0,38.0,50.0,35.5,0.3893608380189251,2.0,1.0,3.0,0.0,25.0,25.0,5hy6vola,neginfo,26.0,1.0,0.0,7.0,5.0,1.5,1.0,0.0,1.0,7.0,9.0,6.0,5.0,6.0,559.0,4.0,2.0,-3.436083801892515,7064.0
54258078fdf99b691fb3858e,20.0,4.0,0.0,8.0,healthy,,,,,,1164.0,778.0,855.0,1188.0,8.0,0.0,25.0,0.3893608380189251,2.0,1.0,3.0,0.0,50.0,0.0,5hy6vola,baseline,33.0,0.0,0.0,9.0,5.0,1.0,1.0,0.0,7.0,10.0,8.0,6.0,4.0,7.0,513.0,,0.0,-13.936083801892515,3985.0
5e2e7ffe484f9b45e086fdc0,60.0,4.0,1.0,10.0,healthy,,,,,,411.0,463.0,573.0,515.0,10.0,32.0,30.75,0.3893608380189251,2.0,1.0,3.0,0.0,15.0,72.5,5hy6vola,posinfo,39.0,1.0,0.0,4.0,0.0,0.5,1.0,0.0,7.0,5.0,5.0,6.0,7.0,5.0,613.5,5.0,3.0,-8.186083801892515,1962.0
62b57d34b7bdc2d0835fab76,100.0,4.0,0.0,49.0,ill,,,,,,13436.0,12913.0,4177.0,3383.0,49.0,14.0,47.5,0.7407747635559568,1.0,1.0,4.0,1.0,0.1,49.9,5hy6vola,posinfo,55.0,1.0,0.0,9.0,0.0,0.0,1.0,1.0,6.0,9.0,8.0,5.0,7.0,8.0,519.9,7.0,6.0,-26.577476355595678,33909.0
6310c063bd0cce86b0289d20,100.0,4.0,1.0,10.0,healthy,,,,,,683.0,646.0,3525.0,1993.0,10.0,41.0,50.25,0.7407747635559568,1.0,1.0,4.0,1.0,50.0,125.0,5hy6vola,neginfo,25.0,0.0,0.0,8.0,4.0,1.0,1.0,0.0,4.0,8.0,8.0,2.0,7.0,5.0,705.0,5.0,4.0,-23.827476355595678,6847.0
5ec79cbd44972a1fceed2719,60.0,4.0,1.0,10.0,ill,,,,,,3649.0,4145.0,3714.0,3187.0,10.0,13.0,41.75,0.7407747635559568,1.0,1.0,4.0,1.0,30.0,95.0,5hy6vola,baseline,62.0,0.0,0.0,10.0,2.0,2.0,1.0,0.0,1.0,5.0,7.0,3.0,2.0,4.0,746.0,7.0,7.0,-32.32747635559568,14695.0
5ca9bc7978958e0016c5008b,40.0,4.0,0.0,31.0,ill,,,,,,,,,,31.0,6.0,51.0,0.7407747635559568,1.0,1.0,4.0,1.0,50.0,125.0,5hy6vola,fullinfo,46.0,0.0,0.0,3.0,4.0,0.5,1.0,0.0,0.0,2.0,5.0,0.0,2.0,2.0,690.0,5.0,5.0,-23.077476355595678,
59c4f0a2916c4d000109428a,100.0,4.0,0.0,76.0,ill,2487.0,,,1183.0,,,,,,76.0,0.0,75.0,0.7407747635559568,1.0,1.0,4.0,1.0,0.5,49.5,5hy6vola,varinfo,40.0,0.0,1.0,6.0,3.0,1.0,1.0,0.0,6.0,8.0,10.0,8.0,2.0,6.0,506.5,6.0,0.0,0.9225236444043219,
62e079d42015639ea995ec87,80.0,4.0,0.0,71.0,healthy,,,,,716.0,1685.0,819.0,2621.0,1057.0,71.0,25.0,25.0,0.2231905552373149,4.0,1.0,3.2938,0.0,10.0,40.0,5hy6vola,fullinfo,22.0,0.0,0.0,7.0,2.0,2.0,1.0,0.0,3.0,3.0,6.0,3.0,3.0,4.0,759.0,6.0,4.0,2.680944476268511,6182.0
5b258c9ba7cee100011d8aad,80.0,4.0,1.0,35.0,healthy,,,,,,3213.0,8232.0,6261.0,122.0,35.0,54.0,50.0,0.2231905552373149,4.0,1.0,3.2938,0.0,50.0,0.0,5hy6vola,neginfo,28.0,0.0,0.0,8.0,3.0,1.0,1.0,0.0,0.0,7.0,3.0,5.0,3.0,5.0,519.0,8.0,7.0,27.68094447626851,17828.0
62db2644ab0a3a353c0dcb54,20.0,4.0,1.0,4.0,healthy,,,,,,3981.0,13134.0,7820.0,1280.0,4.0,9.0,38.5,0.2231905552373149,4.0,1.0,3.2938,0.0,10.0,65.0,5hy6vola,posinfo,42.0,0.0,0.0,6.0,2.0,1.5,-1.0,-1.0,0.0,5.0,6.0,5.0,2.0,6.0,573.0,7.0,5.0,16.18094447626851,26215.0
62a6083829363a3be4bcea6b,100.0,4.0,0.0,97.0,healthy,,,,,,,,,,97.0,48.0,44.75,0.2231905552373149,4.0,1.0,3.2938,0.0,25.0,87.5,5hy6vola,varinfo,27.0,1.0,0.0,8.0,5.0,1.0,1.0,0.0,5.0,5.0,5.0,5.0,3.0,6.0,539.5,4.0,3.0,22.43094447626851,
5ef08aa7177a735c78ffbf40,20.0,4.0,0.0,11.0,healthy,283.0,,,781.0,,1741.0,1182.0,3053.0,729.0,11.0,7.0,25.0,0.2231905552373149,4.0,1.0,3.2938,0.0,50.0,0.0,5hy6vola,baseline,21.0,0.0,0.0,8.0,3.0,1.0,1.0,0.0,-1.0,2.0,5.0,4.0,1.0,3.0,543.0,6.0,,2.680944476268511,6705.0
5ccef4423f15b900199e1ec3,40.0,4.0,1.0,7.0,ill,,,,,,21995.0,,,,7.0,19.0,47.75,0.7211150495107443,1.0,0.0,2.0,1.0,0.0,50.0,5hy6vola,posinfo,49.0,1.0,0.0,8.0,5.0,1.0,1.0,0.0,2.0,2.0,2.0,1.0,1.0,2.0,442.0,8.0,4.0,-24.361504951074437,
5c43724ab00b3300018f49bf,40.0,4.0,1.0,5.0,healthy,,,,,973.0,6864.0,6267.0,8222.0,7282.0,5.0,40.0,75.0,0.7211150495107443,1.0,0.0,2.0,1.0,15.0,35.0,5hy6vola,baseline,24.0,1.0,0.0,7.0,3.0,2.0,1.0,0.0,0.0,6.0,6.0,2.0,6.0,4.0,609.0,6.0,3.0,2.888495048925563,28635.0
5f5bb87a0093333445af65f2,20.0,4.0,0.0,19.0,healthy,,,,,,,17.0,15.0,16.0,19.0,10.0,32.25,0.7211150495107443,1.0,0.0,2.0,1.0,20.0,30.0,5hy6vola,varinfo,39.0,0.0,1.0,6.0,7.0,1.0,0.0,1.0,8.0,10.0,8.0,7.0,7.0,8.0,554.0,9.0,9.0,-39.86150495107444,
5bec91e66cb00e00015b8a7b,100.0,4.0,0.0,87.0,healthy,,,,,,746.0,622.0,592.0,747.0,87.0,8.0,17.0,0.7211150495107443,1.0,0.0,2.0,1.0,17.0,33.0,5hy6vola,neginfo,33.0,1.0,1.0,7.0,7.0,1.0,1.0,0.0,0.0,5.0,3.0,4.0,4.0,5.0,599.0,,3.0,-55.11150495107444,2707.0
6278d1758a5f6d5af02d863c,40.0,4.0,1.0,6.0,ill,,,,,,8800.0,1895.0,12095.0,6903.0,6.0,13.0,75.5,0.4255575325190061,3.0,0.0,1.0,1.0,50.0,0.0,5hy6vola,varinfo,52.0,0.0,0.0,3.0,4.0,1.5,1.0,0.0,0.0,3.0,1.0,3.0,1.0,2.0,531.0,6.0,6.0,32.944246748099395,29693.0
5755c957eb80c4000741a9ce,60.0,4.0,0.0,45.0,ill,,,,,,12233.0,3612.0,13370.0,7342.0,45.0,30.0,57.25,0.4255575325190061,3.0,0.0,1.0,1.0,10.0,40.0,5hy6vola,neginfo,40.0,0.0,0.0,6.0,0.0,0.0,1.0,0.0,2.0,6.0,4.0,7.0,2.0,3.0,669.0,7.0,4.0,14.694246748099395,36557.0
55b78162fdf99b0416ce544e,60.0,4.0,1.0,44.0,healthy,,,,,952.0,1663.0,2831.0,2767.0,3073.0,44.0,51.0,60.25,0.4255575325190061,3.0,0.0,1.0,1.0,20.0,30.0,5hy6vola,baseline,47.0,1.0,0.0,6.0,3.0,0.75,0.0,1.0,5.0,7.0,3.0,5.0,4.0,6.0,346.0,6.0,,17.694246748099395,10334.0
5f9802a1306ea3045e8c0b43,100.0,4.0,1.0,56.0,healthy,,,,,10500.0,2824.0,345.0,330.0,1221.0,56.0,75.0,33.5,0.4255575325190061,3.0,0.0,1.0,1.0,50.0,125.0,5hy6vola,fullinfo,34.0,0.0,0.0,5.0,0.0,0.0,1.0,0.0,0.0,3.0,7.0,5.0,6.0,4.0,709.0,6.0,4.0,-9.055753251900605,4720.0
5eff6065cc8d32014292657f,100.0,4.0,1.0,86.0,healthy,4493.0,,,,,,,,797.0,86.0,90.0,85.0,0.4255575325190061,3.0,0.0,1.0,1.0,30.0,20.0,5hy6vola,posinfo,34.0,1.0,0.0,8.0,3.0,20.0,1.0,1.0,4.0,5.0,7.0,6.0,5.0,6.0,397.0,8.0,7.0,42.444246748099395,
6001718a9125cb02cdaf26a1,80.0,4.0,0.0,18.0,healthy,,,,,,1435.0,623.0,939.0,1949.0,18.0,0.0,70.5,0.4255575325190061,3.0,0.0,1.0,1.0,0.0,50.0,5hy6vola,varinfo,30.0,1.0,0.0,7.0,1.0,0.0,1.0,0.0,4.0,0.0,4.0,1.0,3.0,2.0,618.0,7.0,0.0,27.944246748099395,4946.0
5d3587a13e11900001093ae8,60.0,5.0,1.0,53.0,ill,790.0,1148.0,,,,,,2647.0,2175.0,53.0,55.0,86.75,0.6341355051774819,5.0,0.0,6.0,1.0,50.0,0.0,5hy6vola,varinfo,28.0,1.0,1.0,8.0,6.0,2.0,1.0,0.0,0.0,7.0,6.0,3.0,1.0,4.0,418.0,0.0,2.0,23.336449482251815,
5bbd1d04df2fb80001733d30,80.0,5.0,1.0,3.0,ill,,,,,,,,233.0,61.0,3.0,24.0,62.75,0.6341355051774819,5.0,0.0,6.0,1.0,5.0,57.5,5hy6vola,fullinfo,34.0,1.0,0.0,8.0,7.0,1.0,1.0,1.0,0.0,3.0,1.0,1.0,0.0,2.0,677.5,8.0,8.0,-0.6635505177481846,
604fa685e33606f9a0ee8189,20.0,5.0,1.0,12.0,ill,,,,,,738.0,764.0,4170.0,2284.0,12.0,17.0,70.0,0.6341355051774819,5.0,0.0,6.0,1.0,25.0,25.0,5hy6vola,neginfo,26.0,1.0,0.0,7.0,5.0,1.5,1.0,0.0,1.0,7.0,9.0,6.0,5.0,6.0,559.0,4.0,2.0,6.586449482251815,7956.0
54258078fdf99b691fb3858e,80.0,5.0,0.0,71.0,ill,,,,,,997.0,1067.0,1363.0,1713.0,71.0,25.0,72.0,0.6341355051774819,5.0,0.0,6.0,1.0,50.0,0.0,5hy6vola,baseline,33.0,0.0,0.0,9.0,5.0,1.0,1.0,0.0,7.0,10.0,8.0,6.0,4.0,7.0,513.0,,0.0,8.586449482251815,5140.0
5e2e7ffe484f9b45e086fdc0,100.0,5.0,0.0,78.0,ill,,,,,,341.0,421.0,381.0,502.0,78.0,19.0,24.0,0.6341355051774819,5.0,0.0,6.0,1.0,15.0,72.5,5hy6vola,posinfo,39.0,1.0,0.0,4.0,0.0,0.5,1.0,0.0,7.0,5.0,5.0,6.0,7.0,5.0,613.5,5.0,3.0,-39.413550517748185,1645.0
62b57d34b7bdc2d0835fab76,20.0,5.0,1.0,2.0,ill,,,,,,6796.0,1377.0,1387.0,1057.0,2.0,15.0,59.75,0.5124973880813042,4.0,1.0,7.0,0.0,0.1,49.9,5hy6vola,posinfo,55.0,1.0,0.0,9.0,0.0,0.0,1.0,1.0,6.0,9.0,8.0,5.0,7.0,8.0,519.9,7.0,6.0,8.500261191869583,10617.0
6310c063bd0cce86b0289d20,60.0,5.0,0.0,43.0,ill,,,,,,4137.0,756.0,4872.0,1123.0,43.0,15.0,55.0,0.5124973880813042,4.0,1.0,7.0,0.0,50.0,125.0,5hy6vola,neginfo,25.0,0.0,0.0,8.0,4.0,1.0,1.0,0.0,4.0,8.0,8.0,2.0,7.0,5.0,705.0,5.0,4.0,3.7502611918695834,10888.0
5ec79cbd44972a1fceed2719,20.0,5.0,0.0,16.0,ill,,,,,6377.0,1476.0,4151.0,3233.0,2438.0,16.0,1.0,26.25,0.5124973880813042,4.0,1.0,7.0,0.0,30.0,95.0,5hy6vola,baseline,62.0,0.0,0.0,10.0,2.0,2.0,1.0,0.0,1.0,5.0,7.0,3.0,2.0,4.0,746.0,7.0,7.0,-24.999738808130417,11298.0
5ca9bc7978958e0016c5008b,60.0,5.0,1.0,14.0,healthy,,,,,,,,,,14.0,14.0,42.75,0.5124973880813042,4.0,1.0,7.0,0.0,50.0,125.0,5hy6vola,fullinfo,46.0,0.0,0.0,3.0,4.0,0.5,1.0,0.0,0.0,2.0,5.0,0.0,2.0,2.0,690.0,5.0,5.0,-8.499738808130417,
59c4f0a2916c4d000109428a,40.0,5.0,0.0,38.0,ill,842.0,,,,,,,7506.0,99.0,38.0,25.0,55.5,0.5124973880813042,4.0,1.0,7.0,0.0,0.5,49.5,5hy6vola,varinfo,40.0,0.0,1.0,6.0,3.0,1.0,1.0,0.0,6.0,8.0,10.0,8.0,2.0,6.0,506.5,6.0,0.0,4.250261191869583,
62e079d42015639ea995ec87,100.0,5.0,1.0,27.0,healthy,,,,,1419.0,1514.0,1092.0,1577.0,1229.0,27.0,80.0,40.0,0.365864494822518,3.0,1.0,4.0,0.0,10.0,40.0,5hy6vola,fullinfo,22.0,0.0,0.0,7.0,2.0,2.0,1.0,0.0,3.0,3.0,6.0,3.0,3.0,4.0,759.0,6.0,4.0,3.413550517748199,5412.0
5b258c9ba7cee100011d8aad,60.0,5.0,0.0,49.0,healthy,,,,,,2086.0,1400.0,2120.0,2372.0,49.0,30.0,61.0,0.365864494822518,3.0,1.0,4.0,0.0,50.0,0.0,5hy6vola,neginfo,28.0,0.0,0.0,8.0,3.0,1.0,1.0,0.0,0.0,7.0,3.0,5.0,3.0,5.0,519.0,8.0,7.0,24.4135505177482,7978.0
62db2644ab0a3a353c0dcb54,60.0,5.0,1.0,31.0,healthy,,,,,,6462.0,5109.0,2263.0,3114.0,31.0,32.0,50.75,0.365864494822518,3.0,1.0,4.0,0.0,10.0,65.0,5hy6vola,posinfo,42.0,0.0,0.0,6.0,2.0,1.5,-1.0,-1.0,0.0,5.0,6.0,5.0,2.0,6.0,573.0,7.0,5.0,14.163550517748199,16948.0
62a6083829363a3be4bcea6b,60.0,5.0,1.0,12.0,healthy,,,,,,,,,,12.0,40.0,56.5,0.365864494822518,3.0,1.0,4.0,0.0,25.0,87.5,5hy6vola,varinfo,27.0,1.0,0.0,8.0,5.0,1.0,1.0,0.0,5.0,5.0,5.0,5.0,3.0,6.0,539.5,4.0,3.0,19.9135505177482,
5ef08aa7177a735c78ffbf40,100.0,5.0,1.0,38.0,ill,,,,,623.0,6084.0,2108.0,1969.0,1892.0,38.0,60.0,45.0,0.365864494822518,3.0,1.0,4.0,0.0,50.0,0.0,5hy6vola,baseline,21.0,0.0,0.0,8.0,3.0,1.0,1.0,0.0,-1.0,2.0,5.0,4.0,1.0,3.0,543.0,6.0,,8.413550517748199,12053.0
5ccef4423f15b900199e1ec3,60.0,5.0,0.0,50.0,ill,,,,,,,,,,50.0,41.0,64.25,0.9791636026454348,0.0,0.0,9.0,1.0,0.0,50.0,5hy6vola,posinfo,49.0,1.0,0.0,8.0,5.0,1.0,1.0,0.0,2.0,2.0,2.0,1.0,1.0,2.0,442.0,8.0,4.0,-33.666360264543485,
5c43724ab00b3300018f49bf,60.0,5.0,1.0,5.0,ill,,,,,2685.0,1588.0,1820.0,1904.0,5444.0,5.0,60.0,90.0,0.9791636026454348,0.0,0.0,9.0,1.0,15.0,35.0,5hy6vola,baseline,24.0,1.0,0.0,7.0,3.0,2.0,1.0,0.0,0.0,6.0,6.0,2.0,6.0,4.0,609.0,6.0,3.0,-7.916360264543485,10756.0
5f5bb87a0093333445af65f2,60.0,5.0,1.0,3.0,ill,,,,,,15.0,14.0,14.0,16.0,3.0,21.0,32.75,0.9791636026454348,0.0,0.0,9.0,1.0,20.0,30.0,5hy6vola,varinfo,39.0,0.0,1.0,6.0,7.0,1.0,0.0,1.0,8.0,10.0,8.0,7.0,7.0,8.0,554.0,9.0,9.0,-65.16636026454348,59.0
5bec91e66cb00e00015b8a7b,40.0,5.0,0.0,20.0,ill,,,,,,,,,,20.0,7.0,15.5,0.9791636026454348,0.0,0.0,9.0,1.0,17.0,33.0,5hy6vola,neginfo,33.0,1.0,1.0,7.0,7.0,1.0,1.0,0.0,0.0,5.0,3.0,4.0,4.0,5.0,599.0,,3.0,-82.41636026454348,
6278d1758a5f6d5af02d863c,20.0,5.0,1.0,6.0,healthy,,,,,,14295.0,6936.0,7311.0,2266.0,6.0,8.0,78.25,0.0083405814681687,9.285,1.0,0.0,0.0,50.0,0.0,5hy6vola,varinfo,52.0,0.0,0.0,3.0,4.0,1.5,1.0,0.0,0.0,3.0,1.0,3.0,1.0,2.0,531.0,6.0,6.0,77.41594185318313,30808.0
5755c957eb80c4000741a9ce,40.0,5.0,1.0,4.0,healthy,,,,,,3293.0,2046.0,17959.0,2572.0,4.0,5.0,9.5,0.0083405814681687,9.285,1.0,0.0,0.0,10.0,40.0,5hy6vola,neginfo,40.0,0.0,0.0,6.0,0.0,0.0,1.0,0.0,2.0,6.0,4.0,7.0,2.0,3.0,669.0,7.0,4.0,8.66594185318313,25870.0
55b78162fdf99b0416ce544e,20.0,5.0,1.0,5.0,healthy,,,,,,3084.0,4380.0,1686.0,3680.0,5.0,14.0,43.5,0.0083405814681687,9.285,1.0,0.0,0.0,20.0,30.0,5hy6vola,baseline,47.0,1.0,0.0,6.0,3.0,0.75,0.0,1.0,5.0,7.0,3.0,5.0,4.0,6.0,346.0,6.0,,42.66594185318313,12830.0
5f9802a1306ea3045e8c0b43,80.0,5.0,1.0,58.0,healthy,,,,,34150.0,1228.0,1244.0,1226.0,3026.0,58.0,60.0,10.25,0.0083405814681687,9.285,1.0,0.0,0.0,50.0,125.0,5hy6vola,fullinfo,34.0,0.0,0.0,5.0,0.0,0.0,1.0,0.0,0.0,3.0,7.0,5.0,6.0,4.0,709.0,6.0,4.0,9.41594185318313,6724.0
5eff6065cc8d32014292657f,40.0,5.0,0.0,30.0,healthy,,,,,,,,5.0,199.0,30.0,28.0,47.25,0.0083405814681687,9.285,1.0,0.0,0.0,30.0,20.0,5hy6vola,posinfo,34.0,1.0,0.0,8.0,3.0,20.0,1.0,1.0,4.0,5.0,7.0,6.0,5.0,6.0,397.0,8.0,7.0,46.41594185318313,
6001718a9125cb02cdaf26a1,100.0,5.0,0.0,100.0,healthy,,,,,,3527.0,700.0,901.0,1732.0,100.0,20.0,60.0,0.0083405814681687,9.285,1.0,0.0,0.0,0.0,50.0,5hy6vola,varinfo,30.0,1.0,0.0,7.0,1.0,0.0,1.0,0.0,4.0,0.0,4.0,1.0,3.0,2.0,618.0,7.0,0.0,59.16594185318313,6860.0
5dc2eae146c7ba2062db9637,100.0,1.0,0.0,57.0,healthy,582.0,4163.0,,1147.0,,7290.0,7979.0,16470.0,24345.0,57.0,25.0,34.75,0.3220395695513543,8.0,1.0,7.8731,1.0,0.2,49.8,erh1x9kd,varinfo,42.0,0.0,0.0,7.0,4.0,1.0,1.0,1.0,3.0,6.0,8.0,5.0,2.0,5.0,626.8,8.0,5.0,2.546043044864568,56084.0
5b52f4933234ab00014ca442,100.0,1.0,0.0,31.0,healthy,9304.0,26380.0,,1294.0,,94411.0,73195.0,42425.0,38153.0,31.0,20.0,49.5,0.3220395695513543,8.0,1.0,7.8731,1.0,0.0,50.0,erh1x9kd,posinfo,26.0,1.0,0.0,7.0,0.0,0.0,1.0,0.0,0.0,3.0,5.0,2.0,4.0,3.0,649.0,6.0,6.0,17.296043044864568,248184.0
56ce42d9465e580006846f57,40.0,1.0,1.0,7.0,healthy,,,,173.0,,,107.0,162.0,332.0,7.0,15.0,40.5,0.3220395695513543,8.0,1.0,7.8731,1.0,10.0,40.0,erh1x9kd,fullinfo,54.0,0.0,1.0,5.0,2.0,0.75,1.0,1.0,0.0,2.0,2.0,2.0,1.0,2.0,596.0,,,8.296043044864568,
5fb29577ca2ab98b170f5299,100.0,1.0,1.0,76.0,ill,3988.0,11038.0,,1363.0,,,6519.0,10479.0,24080.0,76.0,86.0,95.0,0.3220395695513543,8.0,1.0,7.8731,1.0,0.0,50.0,erh1x9kd,neginfo,34.0,0.0,0.0,9.0,6.0,2.0,1.0,0.0,0.0,1.0,5.0,5.0,0.0,1.0,466.0,8.0,3.0,62.79604304486457,
5c62de3f48fe4e000180e09d,20.0,1.0,0.0,4.0,healthy,6893.0,16955.0,,1767.0,6158.0,6456.0,4538.0,22623.0,21854.0,4.0,0.0,35.0,0.2689415536215669,4.0,1.0,2.0,1.0,0.0,50.0,erh1x9kd,baseline,47.0,1.0,0.0,4.0,4.0,0.5,1.0,0.0,1.0,1.0,1.0,1.0,2.0,1.0,615.0,9.0,5.0,8.105844637843308,55471.0
5f1ad337b6464a21cea3a611,100.0,1.0,0.0,26.0,healthy,1894.0,267.0,,2543.0,,2466.0,3384.0,6231.0,14575.0,26.0,19.0,31.0,0.2689415536215669,4.0,1.0,2.0,1.0,30.0,95.0,erh1x9kd,posinfo,48.0,1.0,0.0,7.0,5.0,1.0,1.0,1.0,0.0,3.0,4.0,5.0,2.0,6.0,648.0,,4.0,4.105844637843308,26656.0
5836f2421bf4040001eb6a36,80.0,1.0,1.0,14.0,healthy,1164.0,12012.0,,3324.0,,2232.0,1613.0,2884.0,5164.0,14.0,25.0,27.0,0.2689415536215669,4.0,1.0,2.0,1.0,0.0,50.0,erh1x9kd,fullinfo,59.0,0.0,0.0,8.0,4.0,0.75,1.0,1.0,3.0,6.0,2.0,3.0,5.0,6.0,779.0,6.0,,0.10584463784330822,11893.0
5d445f038dd58b001afdeb32,100.0,1.0,1.0,12.0,healthy,,,,,,3134.0,,924.0,3342.0,12.0,20.0,38.5,0.2689415536215669,4.0,1.0,2.0,1.0,25.0,25.0,erh1x9kd,varinfo,49.0,0.0,1.0,3.0,5.0,1.0,1.0,0.0,0.0,0.0,0.0,0.0,0.0,0.0,655.0,7.0,7.0,11.605844637843308,
5dfb7cbd01423f8a774d893b,100.0,1.0,1.0,44.0,healthy,,,,,,103.0,126.0,111.0,115.0,44.0,100.0,45.0,0.2689415536215669,4.0,1.0,2.0,1.0,0.0,50.0,erh1x9kd,neginfo,71.0,0.0,0.0,8.0,4.0,2.0,0.0,1.0,0.0,6.0,2.0,2.0,0.0,5.0,446.0,9.0,0.0,18.105844637843308,455.0
6361bfe81e0da4a406b33f1e,20.0,1.0,1.0,15.0,ill,6177.0,28203.0,,2893.0,,16494.0,11302.0,15574.0,6205.0,15.0,15.0,30.0,0.2141651641257343,6.0,0.0,4.0,0.0,0.1,49.9,erh1x9kd,posinfo,30.0,0.0,0.0,5.0,0.0,1.0,1.0,0.0,4.0,5.0,6.0,4.0,7.0,3.0,610.9,5.0,,8.58348358742657,49575.0
5cc99062d918560016acf6ac,60.0,1.0,1.0,3.0,healthy,1697.0,4117.0,,1586.0,,5009.0,702.0,32647.0,24267.0,3.0,25.0,16.25,0.2141651641257343,6.0,0.0,4.0,0.0,20.0,30.0,erh1x9kd,neginfo,53.0,1.0,0.0,9.0,5.0,1.0,0.0,1.0,0.0,1.0,0.0,0.0,0.0,1.0,521.0,7.0,9.0,-5.166516412573429,62625.0
5a270517b4a5de00011af15c,40.0,1.0,0.0,19.0,healthy,9417.0,17505.0,,1983.0,10119.0,8582.0,8497.0,13513.0,13050.0,19.0,12.0,21.25,0.2141651641257343,6.0,0.0,4.0,0.0,20.0,30.0,erh1x9kd,fullinfo,32.0,1.0,0.0,7.0,0.0,0.0,1.0,0.0,2.0,3.0,4.0,4.0,5.0,3.0,681.0,7.0,,-0.1665164125734293,43642.0
5f50db296d9ce726e639d020,20.0,1.0,0.0,15.0,ill,,,,,6588.0,1638.0,5476.0,,72.0,15.0,13.0,51.75,0.2141651641257343,6.0,0.0,4.0,0.0,20.0,30.0,erh1x9kd,baseline,33.0,1.0,1.0,3.0,0.0,0.0,1.0,0.0,0.0,8.0,4.0,4.0,6.0,7.0,596.0,7.0,7.0,30.33348358742657,
627218ff9eeedee1aa9c45f5,40.0,1.0,1.0,11.0,ill,2563.0,16134.0,,1243.0,,15077.0,6710.0,51439.0,26092.0,11.0,25.0,75.0,0.7359452599427667,2.0,0.0,5.5,0.0,15.0,35.0,erh1x9kd,neginfo,48.0,0.0,0.0,7.0,2.0,3.0,0.0,1.0,6.0,7.0,6.0,3.0,3.0,6.0,633.0,7.0,5.0,1.4054740057233346,99318.0
585d139a460cb5000183f705,20.0,1.0,0.0,18.0,ill,5025.0,20064.0,,1584.0,,5879.0,9745.0,29066.0,29487.0,18.0,15.0,23.0,0.7359452599427667,2.0,0.0,5.5,0.0,25.0,87.5,erh1x9kd,varinfo,57.0,0.0,0.0,6.0,2.0,1.0,1.0,1.0,0.0,4.0,7.0,4.0,1.0,5.0,482.5,5.0,5.0,-50.594525994276665,74177.0
5d6fd7cf855c8c0018fbaa30,20.0,1.0,1.0,14.0,healthy,2032.0,4423.0,,1734.0,,,,,135.0,14.0,20.0,30.0,0.7359452599427667,2.0,0.0,5.5,0.0,25.0,25.0,erh1x9kd,posinfo,49.0,0.0,0.0,7.0,0.0,0.0,1.0,0.0,5.0,3.0,0.0,0.0,0.0,5.0,581.0,3.0,3.0,-43.594525994276665,
5b421b9ac2e3810001763252,60.0,1.0,1.0,34.0,ill,7324.0,16177.0,,4296.0,15292.0,4980.0,45579.0,17585.0,31285.0,34.0,50.0,75.0,0.7359452599427667,2.0,0.0,5.5,0.0,30.0,95.0,erh1x9kd,fullinfo,34.0,1.0,0.0,7.0,4.0,1.0,1.0,0.0,0.0,4.0,6.0,7.0,2.0,6.0,709.0,6.0,5.0,1.4054740057233346,99429.0
6366196f67e21bd61419d473,40.0,1.0,0.0,33.0,ill,,,,,52.0,,,15.0,301.0,33.0,20.0,50.0,0.7359452599427667,2.0,0.0,5.5,0.0,50.0,0.0,erh1x9kd,baseline,38.0,0.0,0.0,6.0,3.0,1.0,0.0,1.0,5.0,3.0,7.0,5.0,6.0,6.0,469.0,4.0,4.0,-23.594525994276665,
6318ec19888839dfc0b4d5c8,20.0,1.0,1.0,1.0,ill,,,,430.0,,11986.0,8078.0,17523.0,17026.0,1.0,10.0,48.75,0.9589086383106238,0.0,0.0,7.0,1.0,30.0,95.0,erh1x9kd,varinfo,20.0,1.0,0.0,7.0,4.0,2.0,1.0,0.0,7.0,3.0,5.0,10.0,6.0,7.0,469.0,4.0,3.0,-47.140863831062376,54613.0
61517b09cb26914ee2b6b731,20.0,1.0,1.0,12.0,ill,2.0,2.0,,1.0,,2.0,4.0,12.0,7.0,12.0,15.0,60.0,0.9589086383106238,0.0,0.0,7.0,1.0,0.2,49.8,erh1x9kd,posinfo,37.0,1.0,0.0,2.0,0.0,0.0,1.0,0.0,2.0,4.0,6.0,5.0,6.0,4.0,463.8,7.0,6.0,-35.890863831062376,25.0
5b13da851e55760001ba009a,100.0,1.0,0.0,82.0,ill,168.0,416.0,,420.0,,104.0,299.0,,148.0,82.0,43.0,48.25,0.9589086383106238,0.0,0.0,7.0,1.0,0.0,50.0,erh1x9kd,baseline,70.0,1.0,1.0,9.0,0.0,0.0,1.0,0.0,5.0,0.0,4.0,5.0,0.0,5.0,338.0,,9.0,-47.640863831062376,
56d8df02d13f6b000e542eef,100.0,1.0,1.0,53.0,ill,1071.0,11110.0,,1135.0,,3224.0,2703.0,18727.0,5599.0,53.0,70.0,58.5,0.9589086383106238,0.0,0.0,7.0,1.0,25.0,87.5,erh1x9kd,neginfo,25.0,0.0,0.0,8.0,1.0,2.0,1.0,0.0,7.0,7.0,6.0,4.0,7.0,7.0,560.5,6.0,3.0,-37.390863831062376,30253.0
5996d2256b939900012d9f22,100.0,1.0,0.0,72.0,ill,4280.0,7143.0,,1265.0,8777.0,7920.0,3328.0,14568.0,1457.0,72.0,23.0,72.5,0.9589086383106238,0.0,0.0,7.0,1.0,25.0,25.0,erh1x9kd,fullinfo,37.0,1.0,1.0,7.0,7.0,3.0,0.0,0.0,6.0,9.0,9.0,7.0,7.0,8.0,593.0,5.0,3.0,-23.390863831062376,27273.0
5ffb432901d8311622530a52,40.0,1.0,0.0,33.0,ill,5807.0,1530.0,,966.0,,9906.0,2386.0,20352.0,12792.0,33.0,3.0,30.25,0.3220395695513543,8.0,1.0,7.8731,1.0,25.0,87.5,erh1x9kd,neginfo,27.0,1.0,0.0,6.0,4.0,2.0,-1.0,0.0,3.0,5.0,2.0,4.0,2.0,7.0,592.5,9.0,7.0,-1.9539569551354319,45436.0
578a060882f7f90001ee801e,20.0,1.0,1.0,3.0,ill,6033.0,10260.0,,813.0,104.0,10783.0,7982.0,41174.0,11580.0,3.0,10.0,48.25,0.3220395695513543,8.0,1.0,7.8731,1.0,50.0,0.0,erh1x9kd,baseline,32.0,1.0,0.0,7.0,0.0,0.0,1.0,1.0,1.0,2.0,1.0,1.0,1.0,1.0,496.0,7.0,6.0,16.046043044864568,71519.0
5dc2eae146c7ba2062db9637,40.0,2.0,1.0,15.0,healthy,,,,,,2748.0,6272.0,12061.0,16381.0,15.0,18.0,42.0,0.3658644948225181,9.0,0.0,10.0,0.0,0.2,49.8,erh1x9kd,varinfo,42.0,0.0,0.0,7.0,4.0,1.0,1.0,1.0,3.0,6.0,8.0,5.0,2.0,5.0,626.8,8.0,5.0,5.413550517748192,37462.0
5b52f4933234ab00014ca442,80.0,2.0,1.0,2.0,ill,,,,,,49778.0,15532.0,5715.0,12949.0,2.0,25.0,52.25,0.3658644948225181,9.0,0.0,10.0,0.0,0.0,50.0,erh1x9kd,posinfo,26.0,1.0,0.0,7.0,0.0,0.0,1.0,0.0,0.0,3.0,5.0,2.0,4.0,3.0,649.0,6.0,6.0,15.663550517748192,83974.0
56ce42d9465e580006846f57,60.0,2.0,0.0,60.0,healthy,,,,74.0,121.0,,151.0,101.0,102.0,60.0,22.0,60.75,0.3658644948225181,9.0,0.0,10.0,0.0,10.0,40.0,erh1x9kd,fullinfo,54.0,0.0,1.0,5.0,2.0,0.75,1.0,1.0,0.0,2.0,2.0,2.0,1.0,2.0,596.0,,,24.16355051774819,
5fb29577ca2ab98b170f5299,60.0,2.0,1.0,42.0,ill,,,,,,3698.0,2017.0,10814.0,2977.0,42.0,55.0,85.5,0.3658644948225181,9.0,0.0,10.0,0.0,0.0,50.0,erh1x9kd,neginfo,34.0,0.0,0.0,9.0,6.0,2.0,1.0,0.0,0.0,1.0,5.0,5.0,0.0,1.0,466.0,8.0,3.0,48.91355051774819,19506.0
5c62de3f48fe4e000180e09d,60.0,2.0,0.0,53.0,healthy,,,,,,2924.0,2504.0,3434.0,2274.0,53.0,10.0,42.0,0.0573242776758309,7.0,0.0,1.0,0.0,0.0,50.0,erh1x9kd,baseline,47.0,1.0,0.0,4.0,4.0,0.5,1.0,0.0,1.0,1.0,1.0,1.0,2.0,1.0,615.0,9.0,5.0,36.26757223241691,11136.0
5f1ad337b6464a21cea3a611,40.0,2.0,0.0,26.0,healthy,,,,,,,,,,26.0,8.0,24.5,0.0573242776758309,7.0,0.0,1.0,0.0,30.0,95.0,erh1x9kd,posinfo,48.0,1.0,0.0,7.0,5.0,1.0,1.0,1.0,0.0,3.0,4.0,5.0,2.0,6.0,648.0,,4.0,18.76757223241691,
5836f2421bf4040001eb6a36,40.0,2.0,0.0,28.0,healthy,605.0,1020.0,,143.0,7841.0,4115.0,3421.0,853.0,1963.0,28.0,4.0,5.75,0.0573242776758309,7.0,0.0,1.0,0.0,0.0,50.0,erh1x9kd,fullinfo,59.0,0.0,0.0,8.0,4.0,0.75,1.0,1.0,3.0,6.0,2.0,3.0,5.0,6.0,779.0,6.0,,0.017572232416910083,10352.0
5d445f038dd58b001afdeb32,40.0,2.0,0.0,23.0,healthy,,,,,,,,,,23.0,12.0,47.0,0.0573242776758309,7.0,0.0,1.0,0.0,25.0,25.0,erh1x9kd,varinfo,49.0,0.0,1.0,3.0,5.0,1.0,1.0,0.0,0.0,0.0,0.0,0.0,0.0,0.0,655.0,7.0,7.0,41.26757223241691,
5dfb7cbd01423f8a774d893b,40.0,2.0,0.0,20.0,healthy,,,,,,172.0,,,303.0,20.0,12.0,47.25,0.0573242776758309,7.0,0.0,1.0,0.0,0.0,50.0,erh1x9kd,neginfo,71.0,0.0,0.0,8.0,4.0,2.0,0.0,1.0,0.0,6.0,2.0,2.0,0.0,5.0,446.0,9.0,0.0,41.51757223241691,
6361bfe81e0da4a406b33f1e,40.0,2.0,0.0,24.0,ill,,,,,,8031.0,6336.0,3343.0,4106.0,24.0,20.0,60.0,0.731058446378433,5.0,1.0,9.0,1.0,0.1,49.9,erh1x9kd,posinfo,30.0,0.0,0.0,5.0,0.0,1.0,1.0,0.0,4.0,5.0,6.0,4.0,7.0,3.0,610.9,5.0,,-13.105844637843305,21816.0
5cc99062d918560016acf6ac,40.0,2.0,1.0,14.0,ill,,,,,,4758.0,6469.0,7274.0,10203.0,14.0,20.0,33.5,0.731058446378433,5.0,1.0,9.0,1.0,20.0,30.0,erh1x9kd,neginfo,53.0,1.0,0.0,9.0,5.0,1.0,0.0,1.0,0.0,1.0,0.0,0.0,0.0,1.0,521.0,7.0,9.0,-39.605844637843305,28704.0
5a270517b4a5de00011af15c,20.0,2.0,1.0,9.0,ill,,,,,2887.0,2112.0,4470.0,3584.0,2664.0,9.0,20.0,73.5,0.731058446378433,5.0,1.0,9.0,1.0,20.0,30.0,erh1x9kd,fullinfo,32.0,1.0,0.0,7.0,0.0,0.0,1.0,0.0,2.0,3.0,4.0,4.0,5.0,3.0,681.0,7.0,,0.39415536215669533,12830.0
5f50db296d9ce726e639d020,100.0,2.0,1.0,18.0,ill,1140.0,1230.0,,1117.0,3175.0,1264.0,1710.0,3022.0,2633.0,18.0,34.0,78.0,0.731058446378433,5.0,1.0,9.0,1.0,20.0,30.0,erh1x9kd,baseline,33.0,1.0,1.0,3.0,0.0,0.0,1.0,0.0,0.0,8.0,4.0,4.0,6.0,7.0,596.0,7.0,7.0,4.894155362156695,8629.0
627218ff9eeedee1aa9c45f5,60.0,2.0,1.0,24.0,ill,1195.0,3214.0,,1015.0,,4748.0,10863.0,30366.0,12813.0,24.0,35.0,63.0,0.4328171666771135,3.15637,1.0,3.0,1.0,15.0,35.0,erh1x9kd,neginfo,48.0,0.0,0.0,7.0,2.0,3.0,0.0,1.0,6.0,7.0,6.0,3.0,3.0,6.0,633.0,7.0,5.0,19.71828333228865,58790.0
585d139a460cb5000183f705,80.0,2.0,0.0,58.0,ill,,,,,,5627.0,4105.0,10687.0,12019.0,58.0,39.0,30.5,0.4328171666771135,3.15637,1.0,3.0,1.0,25.0,87.5,erh1x9kd,varinfo,57.0,0.0,0.0,6.0,2.0,1.0,1.0,1.0,0.0,4.0,7.0,4.0,1.0,5.0,482.5,5.0,5.0,-12.78171666771135,32438.0
5d6fd7cf855c8c0018fbaa30,40.0,2.0,1.0,9.0,healthy,,,,,,,,,2293.0,9.0,26.0,26.0,0.4328171666771135,3.15637,1.0,3.0,1.0,25.0,25.0,erh1x9kd,posinfo,49.0,0.0,0.0,7.0,0.0,0.0,1.0,0.0,5.0,3.0,0.0,0.0,0.0,5.0,581.0,3.0,3.0,-17.28171666771135,
5b421b9ac2e3810001763252,80.0,2.0,0.0,73.0,ill,,,,,9465.0,1789.0,1399.0,2237.0,2219.0,73.0,40.0,40.0,0.4328171666771135,3.15637,1.0,3.0,1.0,30.0,95.0,erh1x9kd,fullinfo,34.0,1.0,0.0,7.0,4.0,1.0,1.0,0.0,0.0,4.0,6.0,7.0,2.0,6.0,709.0,6.0,5.0,-3.2817166677113505,7644.0
6366196f67e21bd61419d473,100.0,2.0,1.0,19.0,ill,,,,,,2047.0,4637.0,3884.0,4292.0,19.0,100.0,90.0,0.4328171666771135,3.15637,1.0,3.0,1.0,50.0,0.0,erh1x9kd,baseline,38.0,0.0,0.0,6.0,3.0,1.0,0.0,1.0,5.0,3.0,7.0,5.0,6.0,6.0,469.0,4.0,4.0,46.71828333228865,14860.0
6318ec19888839dfc0b4d5c8,100.0,2.0,0.0,79.0,ill,4354.0,,,179.0,,165.0,,,,79.0,25.0,25.0,0.912934101914502,1.0,0.0,6.0,1.0,30.0,95.0,erh1x9kd,varinfo,20.0,1.0,0.0,7.0,4.0,2.0,1.0,0.0,7.0,3.0,5.0,10.0,6.0,7.0,469.0,4.0,3.0,-66.29341019145019,
61517b09cb26914ee2b6b731,60.0,2.0,0.0,34.0,ill,5.0,2.0,,,,2.0,6.0,5.0,2.0,34.0,30.0,42.0,0.912934101914502,1.0,0.0,6.0,1.0,0.2,49.8,erh1x9kd,posinfo,37.0,1.0,0.0,2.0,0.0,0.0,1.0,0.0,2.0,4.0,6.0,5.0,6.0,4.0,463.8,7.0,6.0,-49.29341019145019,15.0
5b13da851e55760001ba009a,40.0,2.0,1.0,40.0,ill,,,,,,,,,,40.0,40.0,79.25,0.912934101914502,1.0,0.0,6.0,1.0,0.0,50.0,erh1x9kd,baseline,70.0,1.0,1.0,9.0,0.0,0.0,1.0,0.0,5.0,0.0,4.0,5.0,0.0,5.0,338.0,,9.0,-12.043410191450192,
56d8df02d13f6b000e542eef,40.0,2.0,0.0,27.0,ill,,,,,,2266.0,2136.0,9553.0,5623.0,27.0,10.0,28.0,0.912934101914502,1.0,0.0,6.0,1.0,25.0,87.5,erh1x9kd,neginfo,25.0,0.0,0.0,8.0,1.0,2.0,1.0,0.0,7.0,7.0,6.0,4.0,7.0,7.0,560.5,6.0,3.0,-63.29341019145019,19578.0
5996d2256b939900012d9f22,80.0,2.0,0.0,74.0,ill,,,,,1040.0,257.0,113.0,,1658.0,74.0,29.0,84.25,0.912934101914502,1.0,0.0,6.0,1.0,25.0,25.0,erh1x9kd,fullinfo,37.0,1.0,1.0,7.0,7.0,3.0,0.0,0.0,6.0,9.0,9.0,7.0,7.0,8.0,593.0,5.0,3.0,-7.043410191450192,
5ffb432901d8311622530a52,20.0,2.0,0.0,6.0,healthy,,,,,,991.0,1605.0,4125.0,5038.0,6.0,4.0,22.0,0.0573242776758309,7.0,0.0,1.0,0.0,25.0,87.5,erh1x9kd,neginfo,27.0,1.0,0.0,6.0,4.0,2.0,-1.0,0.0,3.0,5.0,2.0,4.0,2.0,7.0,592.5,9.0,7.0,16.26757223241691,11759.0
578a060882f7f90001ee801e,80.0,2.0,0.0,58.0,healthy,506.0,1892.0,,1235.0,4332.0,32058.0,5978.0,2548.0,4122.0,58.0,50.0,43.0,0.0573242776758309,7.0,0.0,1.0,0.0,50.0,0.0,erh1x9kd,baseline,32.0,1.0,0.0,7.0,0.0,0.0,1.0,1.0,1.0,2.0,1.0,1.0,1.0,1.0,496.0,7.0,6.0,37.26757223241691,44706.0
5dc2eae146c7ba2062db9637,20.0,3.0,1.0,2.0,ill,,,,,,1529.0,2004.0,2349.0,8410.0,2.0,8.0,50.0,0.880796936729369,1.0,0.0,5.0,1.0,0.2,49.8,erh1x9kd,varinfo,42.0,0.0,0.0,7.0,4.0,1.0,1.0,1.0,3.0,6.0,8.0,5.0,2.0,5.0,626.8,8.0,5.0,-38.0796936729369,14292.0
5b52f4933234ab00014ca442,40.0,3.0,0.0,36.0,ill,,,,,,62346.0,10215.0,20471.0,6180.0,36.0,15.0,61.25,0.880796936729369,1.0,0.0,5.0,1.0,0.0,50.0,erh1x9kd,posinfo,26.0,1.0,0.0,7.0,0.0,0.0,1.0,0.0,0.0,3.0,5.0,2.0,4.0,3.0,649.0,6.0,6.0,-26.829693672936898,99212.0
56ce42d9465e580006846f57,80.0,3.0,1.0,17.0,ill,109.0,,,,206.0,123.0,113.0,91.0,,17.0,30.0,47.75,0.880796936729369,1.0,0.0,5.0,1.0,10.0,40.0,erh1x9kd,fullinfo,54.0,0.0,1.0,5.0,2.0,0.75,1.0,1.0,0.0,2.0,2.0,2.0,1.0,2.0,596.0,,,-40.3296936729369,
5fb29577ca2ab98b170f5299,80.0,3.0,0.0,80.0,ill,,,,,,767.0,593.0,1856.0,3619.0,80.0,75.0,87.25,0.880796936729369,1.0,0.0,5.0,1.0,0.0,50.0,erh1x9kd,neginfo,34.0,0.0,0.0,9.0,6.0,2.0,1.0,0.0,0.0,1.0,5.0,5.0,0.0,1.0,466.0,8.0,3.0,-0.829693672936898,6835.0
5c62de3f48fe4e000180e09d,100.0,3.0,1.0,26.0,healthy,811.0,556.0,,588.0,983.0,1138.0,1579.0,1795.0,3799.0,26.0,30.0,47.75,0.270579518757704,7.0,1.0,7.8809,0.0,0.0,50.0,erh1x9kd,baseline,47.0,1.0,0.0,4.0,4.0,0.5,1.0,0.0,1.0,1.0,1.0,1.0,2.0,1.0,615.0,9.0,5.0,20.692048124229604,8311.0
5f1ad337b6464a21cea3a611,20.0,3.0,0.0,14.0,healthy,,,,,,,,925.0,1704.0,14.0,12.0,31.5,0.270579518757704,7.0,1.0,7.8809,0.0,30.0,95.0,erh1x9kd,posinfo,48.0,1.0,0.0,7.0,5.0,1.0,1.0,1.0,0.0,3.0,4.0,5.0,2.0,6.0,648.0,,4.0,4.442048124229604,
5836f2421bf4040001eb6a36,100.0,3.0,1.0,15.0,healthy,188.0,,,197.0,2365.0,1711.0,856.0,148.0,485.0,15.0,32.0,27.0,0.270579518757704,7.0,1.0,7.8809,0.0,0.0,50.0,erh1x9kd,fullinfo,59.0,0.0,0.0,8.0,4.0,0.75,1.0,1.0,3.0,6.0,2.0,3.0,5.0,6.0,779.0,6.0,,-0.057951875770395844,3200.0
5d445f038dd58b001afdeb32,80.0,3.0,0.0,44.0,healthy,,,,,,,,,,44.0,12.0,32.75,0.270579518757704,7.0,1.0,7.8809,0.0,25.0,25.0,erh1x9kd,varinfo,49.0,0.0,1.0,3.0,5.0,1.0,1.0,0.0,0.0,0.0,0.0,0.0,0.0,0.0,655.0,7.0,7.0,5.692048124229604,
5dfb7cbd01423f8a774d893b,60.0,3.0,1.0,59.0,healthy,,,,,,,,,,59.0,60.0,46.5,0.270579518757704,7.0,1.0,7.8809,0.0,0.0,50.0,erh1x9kd,neginfo,71.0,0.0,0.0,8.0,4.0,2.0,0.0,1.0,0.0,6.0,2.0,2.0,0.0,5.0,446.0,9.0,0.0,19.442048124229604,
6361bfe81e0da4a406b33f1e,80.0,3.0,1.0,38.0,ill,,,,,,4127.0,2134.0,634.0,802.0,38.0,80.0,90.0,0.7772997156254003,5.0,0.0,8.0,1.0,0.1,49.9,erh1x9kd,posinfo,30.0,0.0,0.0,5.0,0.0,1.0,1.0,0.0,4.0,5.0,6.0,4.0,7.0,3.0,610.9,5.0,,12.27002843745997,7697.0
5cc99062d918560016acf6ac,100.0,3.0,0.0,56.0,ill,,,,,,1594.0,1279.0,1872.0,3772.0,56.0,37.0,21.5,0.7772997156254003,5.0,0.0,8.0,1.0,20.0,30.0,erh1x9kd,neginfo,53.0,1.0,0.0,9.0,5.0,1.0,0.0,1.0,0.0,1.0,0.0,0.0,0.0,1.0,521.0,7.0,9.0,-56.22997156254003,8517.0
5a270517b4a5de00011af15c,60.0,3.0,1.0,32.0,healthy,,,,,984.0,983.0,2039.0,1528.0,1264.0,32.0,55.0,77.5,0.7772997156254003,5.0,0.0,8.0,1.0,20.0,30.0,erh1x9kd,fullinfo,32.0,1.0,0.0,7.0,0.0,0.0,1.0,0.0,2.0,3.0,4.0,4.0,5.0,3.0,681.0,7.0,,-0.2299715625400296,5814.0
5f50db296d9ce726e639d020,80.0,3.0,1.0,16.0,ill,,,,,,645.0,1807.0,320.0,391.0,16.0,31.0,53.75,0.7772997156254003,5.0,0.0,8.0,1.0,20.0,30.0,erh1x9kd,baseline,33.0,1.0,1.0,3.0,0.0,0.0,1.0,0.0,0.0,8.0,4.0,4.0,6.0,7.0,596.0,7.0,7.0,-23.97997156254003,3163.0
627218ff9eeedee1aa9c45f5,20.0,3.0,1.0,3.0,healthy,,,,,,8260.0,1046.0,6747.0,2980.0,3.0,5.0,30.25,0.0338952379492888,10.0,1.0,5.0,0.0,15.0,35.0,erh1x9kd,neginfo,48.0,0.0,0.0,7.0,2.0,3.0,0.0,1.0,6.0,7.0,6.0,3.0,3.0,6.0,633.0,7.0,5.0,26.86047620507112,19033.0
585d139a460cb5000183f705,100.0,3.0,0.0,88.0,healthy,,,,,,3161.0,1829.0,6857.0,5618.0,88.0,80.0,67.5,0.0338952379492888,10.0,1.0,5.0,0.0,25.0,87.5,erh1x9kd,varinfo,57.0,0.0,0.0,6.0,2.0,1.0,1.0,1.0,0.0,4.0,7.0,4.0,1.0,5.0,482.5,5.0,5.0,64.11047620507112,17465.0
5d6fd7cf855c8c0018fbaa30,60.0,3.0,1.0,10.0,healthy,,,,,,,,,160.0,10.0,13.0,10.0,0.0338952379492888,10.0,1.0,5.0,0.0,25.0,25.0,erh1x9kd,posinfo,49.0,0.0,0.0,7.0,0.0,0.0,1.0,0.0,5.0,3.0,0.0,0.0,0.0,5.0,581.0,3.0,3.0,6.610476205071119,
5b421b9ac2e3810001763252,40.0,3.0,0.0,36.0,healthy,,,,,9276.0,2291.0,7855.0,5432.0,6683.0,36.0,2.0,5.0,0.0338952379492888,10.0,1.0,5.0,0.0,30.0,95.0,erh1x9kd,fullinfo,34.0,1.0,0.0,7.0,4.0,1.0,1.0,0.0,0.0,4.0,6.0,7.0,2.0,6.0,709.0,6.0,5.0,1.6104762050711199,22261.0
6366196f67e21bd61419d473,20.0,3.0,1.0,20.0,healthy,,,,,,,,,3682.0,20.0,20.0,22.5,0.0338952379492888,10.0,1.0,5.0,0.0,50.0,0.0,erh1x9kd,baseline,38.0,0.0,0.0,6.0,3.0,1.0,0.0,1.0,5.0,3.0,7.0,5.0,6.0,6.0,469.0,4.0,4.0,19.11047620507112,
6318ec19888839dfc0b4d5c8,40.0,3.0,0.0,18.0,ill,,,,,,,,,1138.0,18.0,12.0,27.25,0.5374298202606297,3.0,1.0,6.0,0.0,30.0,95.0,erh1x9kd,varinfo,20.0,1.0,0.0,7.0,4.0,2.0,1.0,0.0,7.0,3.0,5.0,10.0,6.0,7.0,469.0,4.0,3.0,-26.49298202606297,
61517b09cb26914ee2b6b731,80.0,3.0,1.0,21.0,healthy,,,,,,,,,,21.0,60.0,83.0,0.5374298202606297,3.0,1.0,6.0,0.0,0.2,49.8,erh1x9kd,posinfo,37.0,1.0,0.0,2.0,0.0,0.0,1.0,0.0,2.0,4.0,6.0,5.0,6.0,4.0,463.8,7.0,6.0,29.25701797393703,
5b13da851e55760001ba009a,20.0,3.0,1.0,17.0,healthy,,,,,,,,,,17.0,20.0,100.0,0.5374298202606297,3.0,1.0,6.0,0.0,0.0,50.0,erh1x9kd,baseline,70.0,1.0,1.0,9.0,0.0,0.0,1.0,0.0,5.0,0.0,4.0,5.0,0.0,5.0,338.0,,9.0,46.25701797393703,
56d8df02d13f6b000e542eef,20.0,3.0,1.0,1.0,ill,,,,,,3725.0,4975.0,19791.0,32758.0,1.0,13.0,39.75,0.5374298202606297,3.0,1.0,6.0,0.0,25.0,87.5,erh1x9kd,neginfo,25.0,0.0,0.0,8.0,1.0,2.0,1.0,0.0,7.0,7.0,6.0,4.0,7.0,7.0,560.5,6.0,3.0,-13.992982026062968,61249.0
5996d2256b939900012d9f22,20.0,3.0,1.0,6.0,ill,,,,,1361.0,,,,,6.0,13.0,45.75,0.5374298202606297,3.0,1.0,6.0,0.0,25.0,25.0,erh1x9kd,fullinfo,37.0,1.0,1.0,7.0,7.0,3.0,0.0,0.0,6.0,9.0,9.0,7.0,7.0,8.0,593.0,5.0,3.0,-7.992982026062968,
5ffb432901d8311622530a52,100.0,3.0,0.0,48.0,healthy,,,,,,824.0,1017.0,2113.0,1995.0,48.0,18.0,34.5,0.270579518757704,7.0,1.0,7.8809,0.0,25.0,87.5,erh1x9kd,neginfo,27.0,1.0,0.0,6.0,4.0,2.0,-1.0,0.0,3.0,5.0,2.0,4.0,2.0,7.0,592.5,9.0,7.0,7.442048124229604,5949.0
578a060882f7f90001ee801e,100.0,3.0,1.0,27.0,healthy,1105.0,105.0,,490.0,1175.0,8288.0,4972.0,7688.0,2265.0,27.0,60.0,45.0,0.0338952379492888,10.0,1.0,5.0,0.0,50.0,0.0,erh1x9kd,baseline,32.0,1.0,0.0,7.0,0.0,0.0,1.0,1.0,1.0,2.0,1.0,1.0,1.0,1.0,496.0,7.0,6.0,41.61047620507112,23213.0
5dc2eae146c7ba2062db9637,80.0,4.0,0.0,74.0,healthy,,,,,,2977.0,3563.0,5244.0,992.0,74.0,35.0,28.25,0.3893608380189251,2.0,1.0,3.0,0.0,0.2,49.8,erh1x9kd,varinfo,42.0,0.0,0.0,7.0,4.0,1.0,1.0,1.0,3.0,6.0,8.0,5.0,2.0,5.0,626.8,8.0,5.0,-10.686083801892515,12776.0
5b52f4933234ab00014ca442,60.0,4.0,1.0,4.0,healthy,,,,,,29377.0,69145.0,30597.0,8653.0,4.0,20.0,44.5,0.3893608380189251,2.0,1.0,3.0,0.0,0.0,50.0,erh1x9kd,posinfo,26.0,1.0,0.0,7.0,0.0,0.0,1.0,0.0,0.0,3.0,5.0,2.0,4.0,3.0,649.0,6.0,6.0,5.563916198107485,137772.0
56ce42d9465e580006846f57,100.0,4.0,1.0,21.0,healthy,130.0,164.0,,123.0,,,,,,21.0,27.0,35.25,0.3893608380189251,2.0,1.0,3.0,0.0,10.0,40.0,erh1x9kd,fullinfo,54.0,0.0,1.0,5.0,2.0,0.75,1.0,1.0,0.0,2.0,2.0,2.0,1.0,2.0,596.0,,,-3.686083801892515,
5fb29577ca2ab98b170f5299,20.0,4.0,1.0,9.0,healthy,,,,,,766.0,577.0,3715.0,1681.0,9.0,10.0,68.5,0.3893608380189251,2.0,1.0,3.0,0.0,0.0,50.0,erh1x9kd,neginfo,34.0,0.0,0.0,9.0,6.0,2.0,1.0,0.0,0.0,1.0,5.0,5.0,0.0,1.0,466.0,8.0,3.0,29.563916198107485,6739.0
5c62de3f48fe4e000180e09d,40.0,4.0,0.0,11.0,healthy,,,,,,1527.0,902.0,1513.0,2994.0,11.0,8.0,65.0,0.7407747635559568,1.0,1.0,4.0,1.0,0.0,50.0,erh1x9kd,baseline,47.0,1.0,0.0,4.0,4.0,0.5,1.0,0.0,1.0,1.0,1.0,1.0,2.0,1.0,615.0,9.0,5.0,-9.077476355595678,6936.0
5f1ad337b6464a21cea3a611,60.0,4.0,1.0,32.0,healthy,,,,,,,,,,32.0,35.0,46.0,0.7407747635559568,1.0,1.0,4.0,1.0,30.0,95.0,erh1x9kd,posinfo,48.0,1.0,0.0,7.0,5.0,1.0,1.0,1.0,0.0,3.0,4.0,5.0,2.0,6.0,648.0,,4.0,-28.077476355595678,
5836f2421bf4040001eb6a36,60.0,4.0,1.0,11.0,ill,,,,,1728.0,,,,,11.0,50.0,74.0,0.7407747635559568,1.0,1.0,4.0,1.0,0.0,50.0,erh1x9kd,fullinfo,59.0,0.0,0.0,8.0,4.0,0.75,1.0,1.0,3.0,6.0,2.0,3.0,5.0,6.0,779.0,6.0,,-0.07747635559567811,
5d445f038dd58b001afdeb32,20.0,4.0,1.0,5.0,ill,,,,,,,,,,5.0,12.0,42.5,0.7407747635559568,1.0,1.0,4.0,1.0,25.0,25.0,erh1x9kd,varinfo,49.0,0.0,1.0,3.0,5.0,1.0,1.0,0.0,0.0,0.0,0.0,0.0,0.0,0.0,655.0,7.0,7.0,-31.577476355595678,
5dfb7cbd01423f8a774d893b,80.0,4.0,1.0,52.0,healthy,,,,,,134.0,148.0,118.0,136.0,52.0,80.0,48.25,0.7407747635559568,1.0,1.0,4.0,1.0,0.0,50.0,erh1x9kd,neginfo,71.0,0.0,0.0,8.0,4.0,2.0,0.0,1.0,0.0,6.0,2.0,2.0,0.0,5.0,446.0,9.0,0.0,-25.827476355595678,536.0
6361bfe81e0da4a406b33f1e,60.0,4.0,0.0,28.0,healthy,,,,,,652.0,394.0,935.0,1070.0,28.0,20.0,30.0,0.2231905552373149,4.0,1.0,3.2938,0.0,0.1,49.9,erh1x9kd,posinfo,30.0,0.0,0.0,5.0,0.0,1.0,1.0,0.0,4.0,5.0,6.0,4.0,7.0,3.0,610.9,5.0,,7.680944476268511,3051.0
5cc99062d918560016acf6ac,80.0,4.0,1.0,8.0,healthy,,,,,,2352.0,832.0,1762.0,2819.0,8.0,15.0,14.0,0.2231905552373149,4.0,1.0,3.2938,0.0,20.0,30.0,erh1x9kd,neginfo,53.0,1.0,0.0,9.0,5.0,1.0,0.0,1.0,0.0,1.0,0.0,0.0,0.0,1.0,521.0,7.0,9.0,-8.319055523731489,7765.0
5a270517b4a5de00011af15c,80.0,4.0,0.0,41.0,ill,,,,,759.0,863.0,1112.0,2480.0,3616.0,41.0,30.0,22.5,0.2231905552373149,4.0,1.0,3.2938,0.0,20.0,30.0,erh1x9kd,fullinfo,32.0,1.0,0.0,7.0,0.0,0.0,1.0,0.0,2.0,3.0,4.0,4.0,5.0,3.0,681.0,7.0,,0.18094447626851107,8071.0
5f50db296d9ce726e639d020,60.0,4.0,1.0,20.0,healthy,,,,,,,,,,20.0,32.0,41.25,0.2231905552373149,4.0,1.0,3.2938,0.0,20.0,30.0,erh1x9kd,baseline,33.0,1.0,1.0,3.0,0.0,0.0,1.0,0.0,0.0,8.0,4.0,4.0,6.0,7.0,596.0,7.0,7.0,18.93094447626851,
627218ff9eeedee1aa9c45f5,80.0,4.0,1.0,32.0,healthy,,,,,,2295.0,2726.0,20063.0,14474.0,32.0,50.0,82.0,0.7211150495107443,1.0,0.0,2.0,1.0,15.0,35.0,erh1x9kd,neginfo,48.0,0.0,0.0,7.0,2.0,3.0,0.0,1.0,6.0,7.0,6.0,3.0,3.0,6.0,633.0,7.0,5.0,9.888495048925563,39558.0
585d139a460cb5000183f705,40.0,4.0,1.0,23.0,ill,,,,,,2353.0,2720.0,2851.0,2298.0,23.0,30.0,25.0,0.7211150495107443,1.0,0.0,2.0,1.0,25.0,87.5,erh1x9kd,varinfo,57.0,0.0,0.0,6.0,2.0,1.0,1.0,1.0,0.0,4.0,7.0,4.0,1.0,5.0,482.5,5.0,5.0,-47.11150495107444,10222.0
5d6fd7cf855c8c0018fbaa30,100.0,4.0,1.0,2.0,ill,,,,,,,,,168.0,2.0,8.0,12.0,0.7211150495107443,1.0,0.0,2.0,1.0,25.0,25.0,erh1x9kd,posinfo,49.0,0.0,0.0,7.0,0.0,0.0,1.0,0.0,5.0,3.0,0.0,0.0,0.0,5.0,581.0,3.0,3.0,-60.11150495107444,
5b421b9ac2e3810001763252,20.0,4.0,1.0,3.0,ill,,,,,4957.0,,,,919.0,3.0,20.0,72.0,0.7211150495107443,1.0,0.0,2.0,1.0,30.0,95.0,erh1x9kd,fullinfo,34.0,1.0,0.0,7.0,4.0,1.0,1.0,0.0,0.0,4.0,6.0,7.0,2.0,6.0,709.0,6.0,5.0,-0.11150495107443703,
6366196f67e21bd61419d473,80.0,4.0,1.0,34.0,healthy,,,,,,,,,,34.0,80.0,80.0,0.7211150495107443,1.0,0.0,2.0,1.0,50.0,0.0,erh1x9kd,baseline,38.0,0.0,0.0,6.0,3.0,1.0,0.0,1.0,5.0,3.0,7.0,5.0,6.0,6.0,469.0,4.0,4.0,7.888495048925563,
6318ec19888839dfc0b4d5c8,80.0,4.0,1.0,2.0,ill,,,,,,,,,145.0,2.0,25.0,27.25,0.4255575325190061,3.0,0.0,1.0,1.0,30.0,95.0,erh1x9kd,varinfo,20.0,1.0,0.0,7.0,4.0,2.0,1.0,0.0,7.0,3.0,5.0,10.0,6.0,7.0,469.0,4.0,3.0,-15.305753251900605,
61517b09cb26914ee2b6b731,100.0,4.0,1.0,47.0,healthy,,,,,,8.0,9.0,9.0,14.0,47.0,72.0,87.5,0.4255575325190061,3.0,0.0,1.0,1.0,0.2,49.8,erh1x9kd,posinfo,37.0,1.0,0.0,2.0,0.0,0.0,1.0,0.0,2.0,4.0,6.0,5.0,6.0,4.0,463.8,7.0,6.0,44.944246748099395,40.0
5b13da851e55760001ba009a,80.0,4.0,1.0,19.0,ill,,,,,,,,,,19.0,80.0,100.0,0.4255575325190061,3.0,0.0,1.0,1.0,0.0,50.0,erh1x9kd,baseline,70.0,1.0,1.0,9.0,0.0,0.0,1.0,0.0,5.0,0.0,4.0,5.0,0.0,5.0,338.0,,9.0,57.444246748099395,
56d8df02d13f6b000e542eef,80.0,4.0,1.0,41.0,ill,,,,,,1527.0,1453.0,10710.0,5644.0,41.0,54.0,24.25,0.4255575325190061,3.0,0.0,1.0,1.0,25.0,87.5,erh1x9kd,neginfo,25.0,0.0,0.0,8.0,1.0,2.0,1.0,0.0,7.0,7.0,6.0,4.0,7.0,7.0,560.5,6.0,3.0,-18.305753251900605,19334.0
5996d2256b939900012d9f22,60.0,4.0,0.0,49.0,healthy,,,,,1904.0,,,,,49.0,9.0,34.5,0.4255575325190061,3.0,0.0,1.0,1.0,25.0,25.0,erh1x9kd,fullinfo,37.0,1.0,1.0,7.0,7.0,3.0,0.0,0.0,6.0,9.0,9.0,7.0,7.0,8.0,593.0,5.0,3.0,-8.055753251900605,
5ffb432901d8311622530a52,80.0,4.0,0.0,78.0,ill,,,,,,1507.0,930.0,2604.0,3933.0,78.0,25.0,54.25,0.7211150495107443,1.0,0.0,2.0,1.0,25.0,87.5,erh1x9kd,neginfo,27.0,1.0,0.0,6.0,4.0,2.0,-1.0,0.0,3.0,5.0,2.0,4.0,2.0,7.0,592.5,9.0,7.0,-17.861504951074437,8974.0
578a060882f7f90001ee801e,60.0,4.0,1.0,32.0,ill,423.0,466.0,,359.0,,7774.0,2835.0,4675.0,2275.0,32.0,40.0,50.5,0.3893608380189251,2.0,1.0,3.0,0.0,50.0,0.0,erh1x9kd,baseline,32.0,1.0,0.0,7.0,0.0,0.0,1.0,1.0,1.0,2.0,1.0,1.0,1.0,1.0,496.0,7.0,6.0,11.563916198107485,17559.0
5dc2eae146c7ba2062db9637,60.0,5.0,0.0,47.0,ill,,,,,,,,,5631.0,47.0,26.0,38.0,0.6341355051774819,5.0,0.0,6.0,1.0,0.2,49.8,erh1x9kd,varinfo,42.0,0.0,0.0,7.0,4.0,1.0,1.0,1.0,3.0,6.0,8.0,5.0,2.0,5.0,626.8,8.0,5.0,-25.413550517748185,
5b52f4933234ab00014ca442,20.0,5.0,1.0,9.0,ill,,,,,,69083.0,10732.0,3032.0,28882.0,9.0,10.0,68.5,0.6341355051774819,5.0,0.0,6.0,1.0,0.0,50.0,erh1x9kd,posinfo,26.0,1.0,0.0,7.0,0.0,0.0,1.0,0.0,0.0,3.0,5.0,2.0,4.0,3.0,649.0,6.0,6.0,5.086449482251815,111729.0
56ce42d9465e580006846f57,20.0,5.0,0.0,17.0,ill,,,,,,,,132.0,102.0,17.0,7.0,31.25,0.6341355051774819,5.0,0.0,6.0,1.0,10.0,40.0,erh1x9kd,fullinfo,54.0,0.0,1.0,5.0,2.0,0.75,1.0,1.0,0.0,2.0,2.0,2.0,1.0,2.0,596.0,,,-32.163550517748185,
5fb29577ca2ab98b170f5299,40.0,5.0,1.0,13.0,ill,,,,,,,175.0,1072.0,1521.0,13.0,38.0,66.5,0.6341355051774819,5.0,0.0,6.0,1.0,0.0,50.0,erh1x9kd,neginfo,34.0,0.0,0.0,9.0,6.0,2.0,1.0,0.0,0.0,1.0,5.0,5.0,0.0,1.0,466.0,8.0,3.0,3.0864494822518154,
5c62de3f48fe4e000180e09d,80.0,5.0,0.0,64.0,ill,,,,,,715.0,812.0,1685.0,1982.0,64.0,35.0,56.75,0.5124973880813042,4.0,1.0,7.0,0.0,0.0,50.0,erh1x9kd,baseline,47.0,1.0,0.0,4.0,4.0,0.5,1.0,0.0,1.0,1.0,1.0,1.0,2.0,1.0,615.0,9.0,5.0,5.500261191869583,5194.0
5f1ad337b6464a21cea3a611,80.0,5.0,1.0,17.0,ill,,,,,,,,,723.0,17.0,46.0,30.0,0.5124973880813042,4.0,1.0,7.0,0.0,30.0,95.0,erh1x9kd,posinfo,48.0,1.0,0.0,7.0,5.0,1.0,1.0,1.0,0.0,3.0,4.0,5.0,2.0,6.0,648.0,,4.0,-21.249738808130417,
5836f2421bf4040001eb6a36,20.0,5.0,0.0,12.0,ill,,,,,3534.0,2820.0,,,,12.0,11.0,51.25,0.5124973880813042,4.0,1.0,7.0,0.0,0.0,50.0,erh1x9kd,fullinfo,59.0,0.0,0.0,8.0,4.0,0.75,1.0,1.0,3.0,6.0,2.0,3.0,5.0,6.0,779.0,6.0,,0.00026119186958339924,
5d445f038dd58b001afdeb32,60.0,5.0,1.0,7.0,healthy,,,,,,,,,,7.0,24.0,51.25,0.5124973880813042,4.0,1.0,7.0,0.0,25.0,25.0,erh1x9kd,varinfo,49.0,0.0,1.0,3.0,5.0,1.0,1.0,0.0,0.0,0.0,0.0,0.0,0.0,0.0,655.0,7.0,7.0,0.00026119186958339924,
5dfb7cbd01423f8a774d893b,20.0,5.0,1.0,3.0,ill,,,,,,10159.0,8969.0,20070.0,23413.0,3.0,20.0,67.0,0.5124973880813042,4.0,1.0,7.0,0.0,0.0,50.0,erh1x9kd,neginfo,71.0,0.0,0.0,8.0,4.0,2.0,0.0,1.0,0.0,6.0,2.0,2.0,0.0,5.0,446.0,9.0,0.0,15.750261191869583,62611.0
6361bfe81e0da4a406b33f1e,100.0,5.0,1.0,13.0,ill,,,,,,3770.0,8794.0,852.0,949.0,13.0,75.0,40.0,0.365864494822518,3.0,1.0,4.0,0.0,0.1,49.9,erh1x9kd,posinfo,30.0,0.0,0.0,5.0,0.0,1.0,1.0,0.0,4.0,5.0,6.0,4.0,7.0,3.0,610.9,5.0,,3.413550517748199,14365.0
5cc99062d918560016acf6ac,20.0,5.0,0.0,16.0,ill,,,,,,1185.0,767.0,1407.0,2561.0,16.0,2.0,10.5,0.365864494822518,3.0,1.0,4.0,0.0,20.0,30.0,erh1x9kd,neginfo,53.0,1.0,0.0,9.0,5.0,1.0,0.0,1.0,0.0,1.0,0.0,0.0,0.0,1.0,521.0,7.0,9.0,-26.0864494822518,5920.0
5a270517b4a5de00011af15c,100.0,5.0,1.0,36.0,ill,,,,,1048.0,751.0,951.0,831.0,711.0,36.0,100.0,36.75,0.365864494822518,3.0,1.0,4.0,0.0,20.0,30.0,erh1x9kd,fullinfo,32.0,1.0,0.0,7.0,0.0,0.0,1.0,0.0,2.0,3.0,4.0,4.0,5.0,3.0,681.0,7.0,,0.16355051774819884,3244.0
5f50db296d9ce726e639d020,40.0,5.0,0.0,22.0,healthy,,,,,,,,,,22.0,14.0,46.5,0.365864494822518,3.0,1.0,4.0,0.0,20.0,30.0,erh1x9kd,baseline,33.0,1.0,1.0,3.0,0.0,0.0,1.0,0.0,0.0,8.0,4.0,4.0,6.0,7.0,596.0,7.0,7.0,9.913550517748199,
627218ff9eeedee1aa9c45f5,100.0,5.0,1.0,40.0,ill,,,,,,2964.0,2112.0,16227.0,7892.0,40.0,90.0,100.0,0.9791636026454348,0.0,0.0,9.0,1.0,15.0,35.0,erh1x9kd,neginfo,48.0,0.0,0.0,7.0,2.0,3.0,0.0,1.0,6.0,7.0,6.0,3.0,3.0,6.0,633.0,7.0,5.0,2.083639735456515,29195.0
585d139a460cb5000183f705,60.0,5.0,1.0,40.0,ill,,,,,,1716.0,1373.0,3927.0,2478.0,40.0,46.0,47.0,0.9791636026454348,0.0,0.0,9.0,1.0,25.0,87.5,erh1x9kd,varinfo,57.0,0.0,0.0,6.0,2.0,1.0,1.0,1.0,0.0,4.0,7.0,4.0,1.0,5.0,482.5,5.0,5.0,-50.916360264543485,9494.0
5d6fd7cf855c8c0018fbaa30,80.0,5.0,1.0,13.0,ill,,,,,,,,,,13.0,13.0,13.5,0.9791636026454348,0.0,0.0,9.0,1.0,25.0,25.0,erh1x9kd,posinfo,49.0,0.0,0.0,7.0,0.0,0.0,1.0,0.0,5.0,3.0,0.0,0.0,0.0,5.0,581.0,3.0,3.0,-84.41636026454348,
5b421b9ac2e3810001763252,100.0,5.0,1.0,77.0,ill,,,,,4062.0,1467.0,802.0,1721.0,1565.0,77.0,100.0,97.0,0.9791636026454348,0.0,0.0,9.0,1.0,30.0,95.0,erh1x9kd,fullinfo,34.0,1.0,0.0,7.0,4.0,1.0,1.0,0.0,0.0,4.0,6.0,7.0,2.0,6.0,709.0,6.0,5.0,-0.916360264543485,5555.0
6366196f67e21bd61419d473,60.0,5.0,1.0,7.0,ill,,,,,,,,,,7.0,60.0,60.0,0.9791636026454348,0.0,0.0,9.0,1.0,50.0,0.0,erh1x9kd,baseline,38.0,0.0,0.0,6.0,3.0,1.0,0.0,1.0,5.0,3.0,7.0,5.0,6.0,6.0,469.0,4.0,4.0,-37.916360264543485,
6318ec19888839dfc0b4d5c8,60.0,5.0,0.0,27.0,healthy,,,,,,,,,,27.0,17.0,48.0,0.0083405814681687,9.285,1.0,0.0,0.0,30.0,95.0,erh1x9kd,varinfo,20.0,1.0,0.0,7.0,4.0,2.0,1.0,0.0,7.0,3.0,5.0,10.0,6.0,7.0,469.0,4.0,3.0,47.16594185318313,
61517b09cb26914ee2b6b731,40.0,5.0,0.0,19.0,healthy,,,,,,6.0,7.0,6.0,7.0,19.0,16.0,56.0,0.0083405814681687,9.285,1.0,0.0,0.0,0.2,49.8,erh1x9kd,posinfo,37.0,1.0,0.0,2.0,0.0,0.0,1.0,0.0,2.0,4.0,6.0,5.0,6.0,4.0,463.8,7.0,6.0,55.16594185318313,26.0
5b13da851e55760001ba009a,60.0,5.0,1.0,53.0,healthy,,,,,6282.0,,,,,53.0,60.0,100.0,0.0083405814681687,9.285,1.0,0.0,0.0,0.0,50.0,erh1x9kd,baseline,70.0,1.0,1.0,9.0,0.0,0.0,1.0,0.0,5.0,0.0,4.0,5.0,0.0,5.0,338.0,,9.0,99.16594185318313,
56d8df02d13f6b000e542eef,60.0,5.0,0.0,47.0,healthy,,,,,,3151.0,910.0,1393.0,1359.0,47.0,18.0,7.5,0.0083405814681687,9.285,1.0,0.0,0.0,25.0,87.5,erh1x9kd,neginfo,25.0,0.0,0.0,8.0,1.0,2.0,1.0,0.0,7.0,7.0,6.0,4.0,7.0,7.0,560.5,6.0,3.0,6.66594185318313,6813.0
5996d2256b939900012d9f22,40.0,5.0,0.0,6.0,healthy,,,,,3145.0,,,,,6.0,3.0,7.25,0.0083405814681687,9.285,1.0,0.0,0.0,25.0,25.0,erh1x9kd,fullinfo,37.0,1.0,1.0,7.0,7.0,3.0,0.0,0.0,6.0,9.0,9.0,7.0,7.0,8.0,593.0,5.0,3.0,6.41594185318313,
5ffb432901d8311622530a52,60.0,5.0,1.0,7.0,ill,1197.0,923.0,,768.0,,1890.0,1009.0,1373.0,1531.0,7.0,17.0,38.0,0.5124973880813042,4.0,1.0,7.0,0.0,25.0,87.5,erh1x9kd,neginfo,27.0,1.0,0.0,6.0,4.0,2.0,-1.0,0.0,3.0,5.0,2.0,4.0,2.0,7.0,592.5,9.0,7.0,-13.249738808130417,5803.0
578a060882f7f90001ee801e,40.0,5.0,1.0,28.0,ill,987.0,236.0,,377.0,,1430.0,1088.0,4437.0,2266.0,28.0,35.0,90.0,0.9791636026454348,0.0,0.0,9.0,1.0,50.0,0.0,erh1x9kd,baseline,32.0,1.0,0.0,7.0,0.0,0.0,1.0,1.0,1.0,2.0,1.0,1.0,1.0,1.0,496.0,7.0,6.0,-7.916360264543485,9221.0
5d921a2e34fc500016df8e5f,80.0,1.0,0.0,80.0,healthy,5416.0,20297.0,,3360.0,,11134.0,3618.0,23842.0,21407.0,80.0,10.0,53.75,0.3220395695513543,8.0,1.0,7.8731,1.0,30.0,95.0,xrpyznfk,neginfo,40.0,1.0,0.0,6.0,0.0,0.0,1.0,1.0,2.0,2.0,4.0,3.0,2.0,2.0,685.0,5.0,5.0,21.546043044864568,60001.0
5a6b2c0d9d65ec00017e715e,20.0,1.0,1.0,8.0,ill,,,,,,71.0,80.0,63.0,12685.0,8.0,10.0,45.75,0.3220395695513543,8.0,1.0,7.8731,1.0,30.0,95.0,xrpyznfk,varinfo,23.0,0.0,0.0,8.0,0.0,0.0,-1.0,0.0,0.0,5.0,4.0,6.0,7.0,7.0,481.0,9.0,4.0,13.546043044864568,12899.0
5780d9a1900cc80001d2d1c2,100.0,1.0,1.0,10.0,healthy,15367.0,24262.0,,3471.0,16112.0,16478.0,10117.0,29796.0,27983.0,10.0,20.0,52.25,0.3220395695513543,8.0,1.0,7.8731,1.0,0.0,50.0,xrpyznfk,baseline,66.0,0.0,0.0,4.0,2.0,1.0,0.0,0.0,2.0,3.0,5.0,3.0,5.0,3.0,536.0,8.0,7.0,20.046043044864568,84374.0
5fb4661ad97d9a1668f07086,80.0,1.0,1.0,19.0,ill,4862.0,13777.0,,1563.0,,,,3899.0,10817.0,19.0,20.0,49.0,0.3220395695513543,8.0,1.0,7.8731,1.0,10.0,65.0,xrpyznfk,posinfo,39.0,1.0,0.0,8.0,3.0,1.0,1.0,1.0,1.0,3.0,3.0,2.0,4.0,3.0,452.0,7.0,8.0,16.796043044864568,
542c323bfdf99b324ea3808d,60.0,1.0,0.0,32.0,healthy,1468.0,154.0,,217.0,1658.0,1298.0,3595.0,12947.0,12419.0,32.0,10.0,32.25,0.3220395695513543,8.0,1.0,7.8731,1.0,15.0,35.0,xrpyznfk,fullinfo,50.0,1.0,0.0,8.0,1.0,1.0,0.0,1.0,5.0,6.0,5.0,4.0,3.0,4.0,712.0,7.0,0.0,0.04604304486456812,30259.0
5d76ac914c93440001c03fd7,40.0,1.0,0.0,34.0,healthy,9400.0,,,1240.0,,70506.0,21799.0,50006.0,44004.0,34.0,10.0,15.0,0.2689415536215669,4.0,1.0,2.0,1.0,50.0,0.0,xrpyznfk,neginfo,35.0,0.0,0.0,7.0,0.0,0.0,1.0,1.0,5.0,7.0,7.0,0.0,3.0,6.0,578.0,6.0,6.0,-11.894155362156692,186315.0
63483069e7c6931be7b56fe9,60.0,1.0,0.0,25.0,healthy,263.0,358.0,,875.0,965.0,2430.0,1048.0,2066.0,1526.0,25.0,15.0,50.0,0.2689415536215669,4.0,1.0,2.0,1.0,5.0,57.5,xrpyznfk,baseline,27.0,0.0,0.0,7.0,3.0,4.0,0.0,1.0,6.0,8.0,3.0,0.0,0.0,6.0,681.5,0.0,4.0,23.105844637843308,7070.0
60bceb1dcefc0afe67041489,80.0,1.0,0.0,57.0,ill,,,,,,36541.0,14831.0,55328.0,26874.0,57.0,20.0,25.5,0.2689415536215669,4.0,1.0,2.0,1.0,50.0,125.0,xrpyznfk,posinfo,48.0,0.0,0.0,7.0,7.0,1.0,1.0,0.0,6.0,9.0,8.0,7.0,4.0,7.0,561.0,3.0,8.0,-1.3941553621566918,133574.0
5a67676a35f26b000149689d,100.0,1.0,1.0,20.0,healthy,4543.0,21120.0,,1497.0,12040.0,6362.0,5155.0,8431.0,10682.0,20.0,25.0,26.75,0.2689415536215669,4.0,1.0,2.0,1.0,10.0,40.0,xrpyznfk,fullinfo,28.0,1.0,0.0,9.0,2.0,1.0,1.0,0.0,0.0,1.0,0.0,0.0,1.0,0.0,724.0,7.0,5.0,-0.14415536215669178,30630.0
5f8ef8e63fdd230d00f5d0e4,80.0,1.0,0.0,11.0,ill,10048.0,8282.0,,1221.0,,4545.0,8508.0,10004.0,29339.0,11.0,8.0,36.5,0.2689415536215669,4.0,1.0,2.0,1.0,50.0,125.0,xrpyznfk,varinfo,48.0,0.0,0.0,7.0,2.0,1.0,1.0,1.0,2.0,4.0,6.0,6.0,2.0,3.0,654.0,4.0,5.0,9.605844637843308,52396.0
5be1fe1eca095c0001ba077a,20.0,1.0,0.0,6.0,healthy,116.0,,,134.0,,249.0,,114.0,150.0,6.0,4.0,16.0,0.2141651641257343,6.0,0.0,4.0,0.0,0.0,50.0,xrpyznfk,neginfo,51.0,1.0,1.0,8.0,2.0,1.0,1.0,0.0,4.0,2.0,6.0,3.0,2.0,5.0,440.0,3.0,,-5.416516412573429,
5d49d17b3dad1f0001e2aba1,100.0,1.0,1.0,50.0,healthy,5944.0,3691.0,,3310.0,2341.0,215.0,204.0,316.0,3240.0,50.0,50.0,40.0,0.2141651641257343,6.0,0.0,4.0,0.0,50.0,0.0,xrpyznfk,fullinfo,35.0,0.0,0.0,7.0,6.0,1.0,0.0,0.0,0.0,1.0,1.0,1.0,1.0,1.0,584.0,9.0,9.0,18.58348358742657,3975.0
61543eaa6278eff1d74aafc9,80.0,1.0,1.0,3.0,healthy,4365.0,24948.0,,2329.0,,44867.0,22063.0,15799.0,21292.0,3.0,60.0,57.75,0.2141651641257343,6.0,0.0,4.0,0.0,50.0,125.0,xrpyznfk,posinfo,25.0,1.0,1.0,6.0,1.0,2.0,1.0,0.0,6.0,3.0,7.0,4.0,5.0,3.0,614.0,5.0,6.0,36.33348358742657,104021.0
5b5523d6d8348500012cfccf,100.0,1.0,0.0,84.0,healthy,8982.0,29621.0,,2246.0,,27266.0,6594.0,80691.0,23699.0,84.0,69.0,42.0,0.2141651641257343,6.0,0.0,4.0,0.0,10.0,40.0,xrpyznfk,varinfo,28.0,0.0,0.0,9.0,4.0,1.0,-1.0,0.0,-1.0,1.0,4.0,1.0,1.0,1.0,599.0,7.0,7.0,20.58348358742657,138250.0
60ca90c5c392ce24e1bb64f6,60.0,1.0,1.0,3.0,ill,11244.0,31463.0,,1307.0,,14336.0,14663.0,44112.0,31182.0,3.0,15.0,36.75,0.7359452599427667,2.0,0.0,5.5,0.0,20.0,80.0,xrpyznfk,neginfo,54.0,1.0,0.0,7.0,3.0,1.0,1.0,0.0,4.0,6.0,6.0,7.0,3.0,6.0,616.0,8.0,7.0,-36.844525994276665,104293.0
5aae762bc4e8f200014b3f88,100.0,1.0,1.0,28.0,healthy,3371.0,17785.0,,779.0,,23418.0,5809.0,34035.0,10990.0,28.0,53.0,80.25,0.7359452599427667,2.0,0.0,5.5,0.0,10.0,40.0,xrpyznfk,varinfo,34.0,1.0,0.0,7.0,2.0,1.0,0.0,1.0,1.0,7.0,5.0,1.0,0.0,4.0,642.0,0.0,3.0,6.655474005723335,74252.0
612cc22830e71399b7a86841,60.0,1.0,0.0,55.0,healthy,1349.0,7818.0,,1082.0,14534.0,2931.0,5569.0,7585.0,14907.0,55.0,40.0,51.0,0.7359452599427667,2.0,0.0,5.5,0.0,10.0,65.0,xrpyznfk,baseline,67.0,1.0,0.0,7.0,5.0,2.0,1.0,0.0,0.0,5.0,0.0,5.0,4.0,6.0,562.0,5.0,,-22.594525994276665,30992.0
6367d5a6f05f3b489c18f926,100.0,1.0,0.0,61.0,ill,3844.0,18586.0,,1213.0,,4566.0,10582.0,11162.0,23021.0,61.0,60.0,70.0,0.7359452599427667,2.0,0.0,5.5,0.0,0.0,50.0,xrpyznfk,posinfo,50.0,0.0,1.0,3.0,0.0,0.0,1.0,0.0,1.0,1.0,7.0,2.0,3.0,4.0,470.0,8.0,8.0,-3.5945259942766654,49331.0
5e5bf97e74c9533e48e3609c,40.0,1.0,1.0,34.0,ill,,417.0,,,15085.0,8809.0,1742.0,3722.0,5665.0,34.0,40.0,75.0,0.7359452599427667,2.0,0.0,5.5,0.0,50.0,0.0,xrpyznfk,fullinfo,23.0,0.0,1.0,4.0,1.0,2.0,1.0,0.0,4.0,10.0,7.0,5.0,7.0,8.0,572.0,6.0,4.0,1.4054740057233346,19938.0
5d1c9d39ff67e3000140ca87,20.0,1.0,0.0,7.0,ill,1558.0,,,,,27860.0,9370.0,11422.0,24155.0,7.0,0.0,40.0,0.9589086383106238,0.0,0.0,7.0,1.0,0.0,50.0,xrpyznfk,posinfo,58.0,0.0,0.0,5.0,6.0,1.0,1.0,0.0,2.0,0.0,1.0,0.0,4.0,2.0,490.0,9.0,9.0,-55.890863831062376,72807.0
5d5a75c570a7c1000152623e,80.0,1.0,0.0,80.0,ill,4352.0,16831.0,,1357.0,,13301.0,10071.0,28398.0,18859.0,80.0,54.0,68.0,0.9589086383106238,0.0,0.0,7.0,1.0,0.0,50.0,xrpyznfk,varinfo,37.0,0.0,0.0,3.0,2.0,1.0,1.0,0.0,0.0,3.0,5.0,2.0,1.0,2.0,515.0,9.0,5.0,-27.890863831062376,70629.0
6272f5f3d37c1c9e88c115a2,20.0,1.0,1.0,10.0,ill,12183.0,19603.0,,3309.0,146.0,3723.0,3304.0,7538.0,13328.0,10.0,20.0,75.0,0.9589086383106238,0.0,0.0,7.0,1.0,25.0,25.0,xrpyznfk,baseline,44.0,0.0,0.0,8.0,5.0,1.0,1.0,0.0,0.0,6.0,2.0,2.0,1.0,6.0,518.0,6.0,7.0,-20.890863831062376,27893.0
5e282e43266894a3e79a6eaa,100.0,1.0,0.0,90.0,ill,5429.0,19760.0,,1011.0,,9972.0,5165.0,24850.0,13830.0,90.0,50.0,45.0,0.9589086383106238,0.0,0.0,7.0,1.0,15.0,72.5,xrpyznfk,neginfo,22.0,1.0,0.0,4.0,1.0,0.5,1.0,0.0,0.0,4.0,5.0,3.0,0.0,4.0,580.5,6.0,7.0,-50.890863831062376,53817.0
603c124974df2e8f9f375fa8,60.0,1.0,0.0,44.0,ill,737.0,21904.0,,2558.0,4863.0,3715.0,4279.0,7767.0,12989.0,44.0,30.0,96.0,0.9589086383106238,0.0,0.0,7.0,1.0,50.0,0.0,xrpyznfk,fullinfo,38.0,1.0,0.0,5.0,5.0,0.5,1.0,0.0,0.0,2.0,2.0,3.0,0.0,2.0,561.0,5.0,5.0,0.10913616893762423,28750.0
6148fbe7c0cae76ed2c1657a,100.0,1.0,0.0,40.0,ill,5702.0,5549.0,,3095.0,,12140.0,15651.0,16865.0,30460.0,40.0,0.0,68.0,0.9589086383106238,0.0,0.0,7.0,1.0,15.0,72.5,xrpyznfk,neginfo,31.0,1.0,1.0,5.0,2.0,1.0,1.0,1.0,5.0,7.0,9.0,8.0,3.0,9.0,491.5,,9.0,-27.890863831062376,75116.0
5d921a2e34fc500016df8e5f,60.0,2.0,1.0,4.0,ill,,,,,,2628.0,3846.0,8089.0,9515.0,4.0,5.0,53.75,0.3658644948225181,9.0,0.0,10.0,0.0,30.0,95.0,xrpyznfk,neginfo,40.0,1.0,0.0,6.0,0.0,0.0,1.0,1.0,2.0,2.0,4.0,3.0,2.0,2.0,685.0,5.0,5.0,17.16355051774819,24078.0
5a6b2c0d9d65ec00017e715e,40.0,2.0,1.0,9.0,healthy,,,,,,104.0,112.0,144.0,455.0,9.0,17.0,47.75,0.3658644948225181,9.0,0.0,10.0,0.0,30.0,95.0,xrpyznfk,varinfo,23.0,0.0,0.0,8.0,0.0,0.0,-1.0,0.0,0.0,5.0,4.0,6.0,7.0,7.0,481.0,9.0,4.0,11.163550517748192,815.0
5780d9a1900cc80001d2d1c2,40.0,2.0,0.0,29.0,healthy,,,,,2925.0,,,,179.0,29.0,20.0,52.75,0.3658644948225181,9.0,0.0,10.0,0.0,0.0,50.0,xrpyznfk,baseline,66.0,0.0,0.0,4.0,2.0,1.0,0.0,0.0,2.0,3.0,5.0,3.0,5.0,3.0,536.0,8.0,7.0,16.16355051774819,
5fb4661ad97d9a1668f07086,20.0,2.0,0.0,7.0,ill,849.0,4065.0,,690.0,,5533.0,4395.0,6097.0,3914.0,7.0,5.0,49.75,0.3658644948225181,9.0,0.0,10.0,0.0,10.0,65.0,xrpyznfk,posinfo,39.0,1.0,0.0,8.0,3.0,1.0,1.0,1.0,1.0,3.0,3.0,2.0,4.0,3.0,452.0,7.0,8.0,13.163550517748192,19939.0
542c323bfdf99b324ea3808d,40.0,2.0,1.0,9.0,healthy,,,,,850.0,1437.0,1439.0,1665.0,1576.0,9.0,14.0,40.0,0.3658644948225181,9.0,0.0,10.0,0.0,15.0,35.0,xrpyznfk,fullinfo,50.0,1.0,0.0,8.0,1.0,1.0,0.0,1.0,5.0,6.0,5.0,4.0,3.0,4.0,712.0,7.0,0.0,3.4135505177481917,6117.0
5d76ac914c93440001c03fd7,60.0,2.0,0.0,34.0,healthy,,,,,,9271.0,1512.0,4792.0,5487.0,34.0,0.0,4.0,0.0573242776758309,7.0,0.0,1.0,0.0,50.0,0.0,xrpyznfk,neginfo,35.0,0.0,0.0,7.0,0.0,0.0,1.0,1.0,5.0,7.0,7.0,0.0,3.0,6.0,578.0,6.0,6.0,-1.73242776758309,21062.0
63483069e7c6931be7b56fe9,20.0,2.0,0.0,13.0,healthy,,,,,4434.0,1738.0,2078.0,2737.0,4493.0,13.0,11.0,38.0,0.0573242776758309,7.0,0.0,1.0,0.0,5.0,57.5,xrpyznfk,baseline,27.0,0.0,0.0,7.0,3.0,4.0,0.0,1.0,6.0,8.0,3.0,0.0,0.0,6.0,681.5,0.0,4.0,32.26757223241691,11046.0
60bceb1dcefc0afe67041489,60.0,2.0,0.0,29.0,healthy,,,,,,7845.0,4238.0,797.0,957.0,29.0,6.0,5.25,0.0573242776758309,7.0,0.0,1.0,0.0,50.0,125.0,xrpyznfk,posinfo,48.0,0.0,0.0,7.0,7.0,1.0,1.0,0.0,6.0,9.0,8.0,7.0,4.0,7.0,561.0,3.0,8.0,-0.4824277675830899,13837.0
5a67676a35f26b000149689d,40.0,2.0,0.0,11.0,healthy,,,,,1416.0,5195.0,5368.0,1695.0,2742.0,11.0,0.0,5.25,0.0573242776758309,7.0,0.0,1.0,0.0,10.0,40.0,xrpyznfk,fullinfo,28.0,1.0,0.0,9.0,2.0,1.0,1.0,0.0,0.0,1.0,0.0,0.0,1.0,0.0,724.0,7.0,5.0,-0.4824277675830899,15000.0
5f8ef8e63fdd230d00f5d0e4,20.0,2.0,0.0,16.0,ill,,,,,,,,,735.0,16.0,12.0,44.75,0.0573242776758309,7.0,0.0,1.0,0.0,50.0,125.0,xrpyznfk,varinfo,48.0,0.0,0.0,7.0,2.0,1.0,1.0,1.0,2.0,4.0,6.0,6.0,2.0,3.0,654.0,4.0,5.0,39.01757223241691,
5be1fe1eca095c0001ba077a,80.0,2.0,0.0,47.0,ill,,,,,,,117.0,,,47.0,8.0,15.25,0.731058446378433,5.0,1.0,9.0,1.0,0.0,50.0,xrpyznfk,neginfo,51.0,1.0,1.0,8.0,2.0,1.0,1.0,0.0,4.0,2.0,6.0,3.0,2.0,5.0,440.0,3.0,,-57.855844637843305,
5d49d17b3dad1f0001e2aba1,60.0,2.0,0.0,32.0,healthy,,,,,,5862.0,2645.0,4908.0,2249.0,32.0,30.0,50.0,0.731058446378433,5.0,1.0,9.0,1.0,50.0,0.0,xrpyznfk,fullinfo,35.0,0.0,0.0,7.0,6.0,1.0,0.0,0.0,0.0,1.0,1.0,1.0,1.0,1.0,584.0,9.0,9.0,-23.105844637843305,15664.0
61543eaa6278eff1d74aafc9,40.0,2.0,0.0,39.0,ill,608.0,1016.0,,1113.0,,17314.0,13767.0,8934.0,3021.0,39.0,35.0,75.5,0.731058446378433,5.0,1.0,9.0,1.0,50.0,125.0,xrpyznfk,posinfo,25.0,1.0,1.0,6.0,1.0,2.0,1.0,0.0,6.0,3.0,7.0,4.0,5.0,3.0,614.0,5.0,6.0,2.3941553621566953,43036.0
5b5523d6d8348500012cfccf,80.0,2.0,1.0,15.0,ill,249.0,538.0,,765.0,,3753.0,5697.0,3260.0,6614.0,15.0,66.0,78.0,0.731058446378433,5.0,1.0,9.0,1.0,10.0,40.0,xrpyznfk,varinfo,28.0,0.0,0.0,9.0,4.0,1.0,-1.0,0.0,-1.0,1.0,4.0,1.0,1.0,1.0,599.0,7.0,7.0,4.894155362156695,19324.0
60ca90c5c392ce24e1bb64f6,20.0,2.0,0.0,9.0,healthy,,,,,,4601.0,4638.0,17664.0,16736.0,9.0,3.0,60.5,0.4328171666771135,3.15637,1.0,3.0,1.0,20.0,80.0,xrpyznfk,neginfo,54.0,1.0,0.0,7.0,3.0,1.0,1.0,0.0,4.0,6.0,6.0,7.0,3.0,6.0,616.0,8.0,7.0,17.21828333228865,43639.0
5aae762bc4e8f200014b3f88,60.0,2.0,1.0,15.0,healthy,,,,,,10351.0,11108.0,14306.0,14656.0,15.0,22.0,47.25,0.4328171666771135,3.15637,1.0,3.0,1.0,10.0,40.0,xrpyznfk,varinfo,34.0,1.0,0.0,7.0,2.0,1.0,0.0,1.0,1.0,7.0,5.0,1.0,0.0,4.0,642.0,0.0,3.0,3.9682833322886495,50421.0
612cc22830e71399b7a86841,40.0,2.0,1.0,11.0,healthy,3973.0,6498.0,,1254.0,5176.0,7319.0,4705.0,4145.0,4943.0,11.0,20.0,48.75,0.4328171666771135,3.15637,1.0,3.0,1.0,10.0,65.0,xrpyznfk,baseline,67.0,1.0,0.0,7.0,5.0,2.0,1.0,0.0,0.0,5.0,0.0,5.0,4.0,6.0,562.0,5.0,,5.4682833322886495,21112.0
6367d5a6f05f3b489c18f926,20.0,2.0,0.0,18.0,healthy,,,,,,72073.0,14549.0,23743.0,2519.0,18.0,15.0,62.5,0.4328171666771135,3.15637,1.0,3.0,1.0,0.0,50.0,xrpyznfk,posinfo,50.0,0.0,1.0,3.0,0.0,0.0,1.0,0.0,1.0,1.0,7.0,2.0,3.0,4.0,470.0,8.0,8.0,19.21828333228865,112884.0
5e5bf97e74c9533e48e3609c,60.0,2.0,1.0,12.0,ill,,,,,4109.0,14815.0,1697.0,3401.0,4969.0,12.0,40.0,75.0,0.4328171666771135,3.15637,1.0,3.0,1.0,50.0,0.0,xrpyznfk,fullinfo,23.0,0.0,1.0,4.0,1.0,2.0,1.0,0.0,4.0,10.0,7.0,5.0,7.0,8.0,572.0,6.0,4.0,31.71828333228865,24882.0
5d1c9d39ff67e3000140ca87,80.0,2.0,0.0,22.0,ill,,,,,,,,,,22.0,0.0,40.25,0.912934101914502,1.0,0.0,6.0,1.0,0.0,50.0,xrpyznfk,posinfo,58.0,0.0,0.0,5.0,6.0,1.0,1.0,0.0,2.0,0.0,1.0,0.0,4.0,2.0,490.0,9.0,9.0,-51.04341019145019,
5d5a75c570a7c1000152623e,40.0,2.0,0.0,35.0,ill,749.0,,,631.0,,2123.0,3166.0,8221.0,2112.0,35.0,24.0,61.5,0.912934101914502,1.0,0.0,6.0,1.0,0.0,50.0,xrpyznfk,varinfo,37.0,0.0,0.0,3.0,2.0,1.0,1.0,0.0,0.0,3.0,5.0,2.0,1.0,2.0,515.0,9.0,5.0,-29.793410191450192,15622.0
6272f5f3d37c1c9e88c115a2,40.0,2.0,1.0,37.0,ill,1056.0,1025.0,,766.0,1760.0,6591.0,6180.0,11554.0,3284.0,37.0,40.0,81.75,0.912934101914502,1.0,0.0,6.0,1.0,25.0,25.0,xrpyznfk,baseline,44.0,0.0,0.0,8.0,5.0,1.0,1.0,0.0,0.0,6.0,2.0,2.0,1.0,6.0,518.0,6.0,7.0,-9.543410191450192,27609.0
5e282e43266894a3e79a6eaa,60.0,2.0,1.0,17.0,ill,,,,,,12137.0,14029.0,13593.0,16758.0,17.0,50.0,90.0,0.912934101914502,1.0,0.0,6.0,1.0,15.0,72.5,xrpyznfk,neginfo,22.0,1.0,0.0,4.0,1.0,0.5,1.0,0.0,0.0,4.0,5.0,3.0,0.0,4.0,580.5,6.0,7.0,-1.2934101914501923,56517.0
603c124974df2e8f9f375fa8,100.0,2.0,0.0,62.0,ill,2450.0,,,3500.0,5347.0,4311.0,2498.0,3506.0,6502.0,62.0,50.0,90.0,0.912934101914502,1.0,0.0,6.0,1.0,50.0,0.0,xrpyznfk,fullinfo,38.0,1.0,0.0,5.0,5.0,0.5,1.0,0.0,0.0,2.0,2.0,3.0,0.0,2.0,561.0,5.0,5.0,-1.2934101914501923,16817.0
6148fbe7c0cae76ed2c1657a,80.0,2.0,1.0,60.0,healthy,759.0,811.0,,975.0,,824.0,1091.0,2159.0,2706.0,60.0,80.0,73.0,0.731058446378433,5.0,1.0,9.0,1.0,15.0,72.5,xrpyznfk,neginfo,31.0,1.0,1.0,5.0,2.0,1.0,1.0,1.0,5.0,7.0,9.0,8.0,3.0,9.0,491.5,,9.0,-0.10584463784330467,6780.0
5d921a2e34fc500016df8e5f,40.0,3.0,0.0,26.0,ill,,,,,,1226.0,980.0,1612.0,948.0,26.0,10.0,65.5,0.880796936729369,1.0,0.0,5.0,1.0,30.0,95.0,xrpyznfk,neginfo,40.0,1.0,0.0,6.0,0.0,0.0,1.0,1.0,2.0,2.0,4.0,3.0,2.0,2.0,685.0,5.0,5.0,-22.579693672936898,4766.0
5a6b2c0d9d65ec00017e715e,60.0,3.0,0.0,45.0,ill,,,,,,624.0,96.0,104.0,72.0,45.0,15.0,32.25,0.880796936729369,1.0,0.0,5.0,1.0,30.0,95.0,xrpyznfk,varinfo,23.0,0.0,0.0,8.0,0.0,0.0,-1.0,0.0,0.0,5.0,4.0,6.0,7.0,7.0,481.0,9.0,4.0,-55.8296936729369,896.0
5780d9a1900cc80001d2d1c2,60.0,3.0,0.0,48.0,ill,,,,,,,,,682.0,48.0,30.0,85.75,0.880796936729369,1.0,0.0,5.0,1.0,0.0,50.0,xrpyznfk,baseline,66.0,0.0,0.0,4.0,2.0,1.0,0.0,0.0,2.0,3.0,5.0,3.0,5.0,3.0,536.0,8.0,7.0,-2.329693672936898,
5fb4661ad97d9a1668f07086,100.0,3.0,0.0,56.0,ill,1066.0,2164.0,,1171.0,,10994.0,2699.0,3480.0,2275.0,56.0,45.0,65.25,0.880796936729369,1.0,0.0,5.0,1.0,10.0,65.0,xrpyznfk,posinfo,39.0,1.0,0.0,8.0,3.0,1.0,1.0,1.0,1.0,3.0,3.0,2.0,4.0,3.0,452.0,7.0,8.0,-22.829693672936898,19448.0
542c323bfdf99b324ea3808d,100.0,3.0,1.0,69.0,ill,,,,,2190.0,877.0,1006.0,1134.0,1568.0,69.0,70.0,79.5,0.880796936729369,1.0,0.0,5.0,1.0,15.0,35.0,xrpyznfk,fullinfo,50.0,1.0,0.0,8.0,1.0,1.0,0.0,1.0,5.0,6.0,5.0,4.0,3.0,4.0,712.0,7.0,0.0,-8.579693672936898,4585.0
5d76ac914c93440001c03fd7,80.0,3.0,1.0,4.0,ill,,,,,,5632.0,7407.0,18183.0,1479.0,4.0,50.0,40.0,0.270579518757704,7.0,1.0,7.8809,0.0,50.0,0.0,xrpyznfk,neginfo,35.0,0.0,0.0,7.0,0.0,0.0,1.0,1.0,5.0,7.0,7.0,0.0,3.0,6.0,578.0,6.0,6.0,12.942048124229604,32701.0
63483069e7c6931be7b56fe9,100.0,3.0,0.0,23.0,healthy,,101.0,,490.0,3855.0,1678.0,2667.0,580.0,558.0,23.0,6.0,33.0,0.270579518757704,7.0,1.0,7.8809,0.0,5.0,57.5,xrpyznfk,baseline,27.0,0.0,0.0,7.0,3.0,4.0,0.0,1.0,6.0,8.0,3.0,0.0,0.0,6.0,681.5,0.0,4.0,5.942048124229604,5483.0
60bceb1dcefc0afe67041489,100.0,3.0,0.0,50.0,ill,,,,,,2428.0,7213.0,3252.0,1486.0,50.0,40.0,43.5,0.270579518757704,7.0,1.0,7.8809,0.0,50.0,125.0,xrpyznfk,posinfo,48.0,0.0,0.0,7.0,7.0,1.0,1.0,0.0,6.0,9.0,8.0,7.0,4.0,7.0,561.0,3.0,8.0,16.442048124229604,14379.0
5a67676a35f26b000149689d,60.0,3.0,0.0,36.0,healthy,,,,,1688.0,1232.0,1237.0,1335.0,1039.0,36.0,15.0,27.25,0.270579518757704,7.0,1.0,7.8809,0.0,10.0,40.0,xrpyznfk,fullinfo,28.0,1.0,0.0,9.0,2.0,1.0,1.0,0.0,0.0,1.0,0.0,0.0,1.0,0.0,724.0,7.0,5.0,0.19204812422960416,4843.0
5f8ef8e63fdd230d00f5d0e4,40.0,3.0,1.0,9.0,healthy,1656.0,,,,,,,,262.0,9.0,32.0,50.0,0.270579518757704,7.0,1.0,7.8809,0.0,50.0,125.0,xrpyznfk,varinfo,48.0,0.0,0.0,7.0,2.0,1.0,1.0,1.0,2.0,4.0,6.0,6.0,2.0,3.0,654.0,4.0,5.0,22.942048124229604,
5be1fe1eca095c0001ba077a,100.0,3.0,0.0,96.0,ill,,,,,,,,,,96.0,41.0,30.75,0.7772997156254003,5.0,0.0,8.0,1.0,0.0,50.0,xrpyznfk,neginfo,51.0,1.0,1.0,8.0,2.0,1.0,1.0,0.0,4.0,2.0,6.0,3.0,2.0,5.0,440.0,3.0,,-46.97997156254003,
5d49d17b3dad1f0001e2aba1,40.0,3.0,1.0,2.0,healthy,,,,,,2658.0,1386.0,1947.0,4011.0,2.0,20.0,30.0,0.7772997156254003,5.0,0.0,8.0,1.0,50.0,0.0,xrpyznfk,fullinfo,35.0,0.0,0.0,7.0,6.0,1.0,0.0,0.0,0.0,1.0,1.0,1.0,1.0,1.0,584.0,9.0,9.0,-47.72997156254003,10002.0
61543eaa6278eff1d74aafc9,20.0,3.0,1.0,17.0,ill,,,,,,1356.0,1097.0,993.0,992.0,17.0,20.0,92.0,0.7772997156254003,5.0,0.0,8.0,1.0,50.0,125.0,xrpyznfk,posinfo,25.0,1.0,1.0,6.0,1.0,2.0,1.0,0.0,6.0,3.0,7.0,4.0,5.0,3.0,614.0,5.0,6.0,14.27002843745997,4438.0
5b5523d6d8348500012cfccf,40.0,3.0,0.0,29.0,ill,193.0,663.0,,,,964.0,677.0,1357.0,575.0,29.0,28.0,66.0,0.7772997156254003,5.0,0.0,8.0,1.0,10.0,40.0,xrpyznfk,varinfo,28.0,0.0,0.0,9.0,4.0,1.0,-1.0,0.0,-1.0,1.0,4.0,1.0,1.0,1.0,599.0,7.0,7.0,-11.72997156254003,3573.0
60ca90c5c392ce24e1bb64f6,40.0,3.0,0.0,26.0,healthy,,,,,,3361.0,2906.0,12274.0,8731.0,26.0,4.0,10.0,0.0338952379492888,10.0,1.0,5.0,0.0,20.0,80.0,xrpyznfk,neginfo,54.0,1.0,0.0,7.0,3.0,1.0,1.0,0.0,4.0,6.0,6.0,7.0,3.0,6.0,616.0,8.0,7.0,6.610476205071119,27272.0
5aae762bc4e8f200014b3f88,40.0,3.0,1.0,9.0,healthy,,,,,,8048.0,5996.0,5056.0,1036.0,9.0,10.0,74.5,0.0338952379492888,10.0,1.0,5.0,0.0,10.0,40.0,xrpyznfk,varinfo,34.0,1.0,0.0,7.0,2.0,1.0,0.0,1.0,1.0,7.0,5.0,1.0,0.0,4.0,642.0,0.0,3.0,71.11047620507112,20136.0
612cc22830e71399b7a86841,100.0,3.0,0.0,71.0,healthy,1841.0,4455.0,,1182.0,4937.0,1748.0,2655.0,3271.0,3632.0,71.0,47.0,45.0,0.0338952379492888,10.0,1.0,5.0,0.0,10.0,65.0,xrpyznfk,baseline,67.0,1.0,0.0,7.0,5.0,2.0,1.0,0.0,0.0,5.0,0.0,5.0,4.0,6.0,562.0,5.0,,41.61047620507112,11306.0
6367d5a6f05f3b489c18f926,60.0,3.0,1.0,23.0,healthy,,,,,,,,,663.0,23.0,58.0,88.0,0.0338952379492888,10.0,1.0,5.0,0.0,0.0,50.0,xrpyznfk,posinfo,50.0,0.0,1.0,3.0,0.0,0.0,1.0,0.0,1.0,1.0,7.0,2.0,3.0,4.0,470.0,8.0,8.0,84.61047620507112,
5e5bf97e74c9533e48e3609c,20.0,3.0,0.0,7.0,healthy,,,,,6832.0,729.0,552.0,1057.0,1967.0,7.0,0.0,2.75,0.0338952379492888,10.0,1.0,5.0,0.0,50.0,0.0,xrpyznfk,fullinfo,23.0,0.0,1.0,4.0,1.0,2.0,1.0,0.0,4.0,10.0,7.0,5.0,7.0,8.0,572.0,6.0,4.0,-0.6395237949288801,4305.0
5d1c9d39ff67e3000140ca87,100.0,3.0,0.0,88.0,ill,,,,,,1450.0,741.0,554.0,622.0,88.0,50.0,60.25,0.5374298202606297,3.0,1.0,6.0,0.0,0.0,50.0,xrpyznfk,posinfo,58.0,0.0,0.0,5.0,6.0,1.0,1.0,0.0,2.0,0.0,1.0,0.0,4.0,2.0,490.0,9.0,9.0,6.507017973937032,3367.0
5d5a75c570a7c1000152623e,20.0,3.0,0.0,15.0,healthy,,,,,,7914.0,13639.0,8093.0,3631.0,15.0,13.0,62.5,0.5374298202606297,3.0,1.0,6.0,0.0,0.0,50.0,xrpyznfk,varinfo,37.0,0.0,0.0,3.0,2.0,1.0,1.0,0.0,0.0,3.0,5.0,2.0,1.0,2.0,515.0,9.0,5.0,8.757017973937032,33277.0
6272f5f3d37c1c9e88c115a2,80.0,3.0,1.0,53.0,healthy,1241.0,1750.0,,761.0,2353.0,3363.0,3389.0,2694.0,2492.0,53.0,65.0,45.25,0.5374298202606297,3.0,1.0,6.0,0.0,25.0,25.0,xrpyznfk,baseline,44.0,0.0,0.0,8.0,5.0,1.0,1.0,0.0,0.0,6.0,2.0,2.0,1.0,6.0,518.0,6.0,7.0,-8.492982026062968,11938.0
5e282e43266894a3e79a6eaa,40.0,3.0,1.0,34.0,ill,,,,,,9437.0,7698.0,7069.0,8149.0,34.0,40.0,60.0,0.5374298202606297,3.0,1.0,6.0,0.0,15.0,72.5,xrpyznfk,neginfo,22.0,1.0,0.0,4.0,1.0,0.5,1.0,0.0,0.0,4.0,5.0,3.0,0.0,4.0,580.5,6.0,7.0,6.257017973937032,32353.0
603c124974df2e8f9f375fa8,40.0,3.0,1.0,15.0,ill,1790.0,4542.0,,1063.0,2434.0,9451.0,1570.0,4098.0,10870.0,15.0,20.0,50.0,0.5374298202606297,3.0,1.0,6.0,0.0,50.0,0.0,xrpyznfk,fullinfo,38.0,1.0,0.0,5.0,5.0,0.5,1.0,0.0,0.0,2.0,2.0,3.0,0.0,2.0,561.0,5.0,5.0,-3.7429820260629683,25989.0
6148fbe7c0cae76ed2c1657a,20.0,3.0,1.0,16.0,healthy,,,,,,,,1089.0,1325.0,16.0,20.0,51.5,0.5374298202606297,3.0,1.0,6.0,0.0,15.0,72.5,xrpyznfk,neginfo,31.0,1.0,1.0,5.0,2.0,1.0,1.0,1.0,5.0,7.0,9.0,8.0,3.0,9.0,491.5,,9.0,-2.2429820260629683,
5d921a2e34fc500016df8e5f,100.0,4.0,0.0,83.0,healthy,,,,,,1235.0,1122.0,5077.0,3627.0,83.0,15.0,45.25,0.3893608380189251,2.0,1.0,3.0,0.0,30.0,95.0,xrpyznfk,neginfo,40.0,1.0,0.0,6.0,0.0,0.0,1.0,1.0,2.0,2.0,4.0,3.0,2.0,2.0,685.0,5.0,5.0,6.313916198107485,11061.0
5a6b2c0d9d65ec00017e715e,100.0,4.0,1.0,42.0,healthy,,,,,,,,,568.0,42.0,70.0,56.5,0.3893608380189251,2.0,1.0,3.0,0.0,30.0,95.0,xrpyznfk,varinfo,23.0,0.0,0.0,8.0,0.0,0.0,-1.0,0.0,0.0,5.0,4.0,6.0,7.0,7.0,481.0,9.0,4.0,17.563916198107485,
5780d9a1900cc80001d2d1c2,20.0,4.0,1.0,4.0,healthy,,,,,,,,894.0,108.0,4.0,10.0,40.0,0.3893608380189251,2.0,1.0,3.0,0.0,0.0,50.0,xrpyznfk,baseline,66.0,0.0,0.0,4.0,2.0,1.0,0.0,0.0,2.0,3.0,5.0,3.0,5.0,3.0,536.0,8.0,7.0,1.063916198107485,
5fb4661ad97d9a1668f07086,40.0,4.0,0.0,27.0,healthy,848.0,2110.0,,2019.0,,5800.0,8949.0,3009.0,1108.0,27.0,15.0,35.5,0.3893608380189251,2.0,1.0,3.0,0.0,10.0,65.0,xrpyznfk,posinfo,39.0,1.0,0.0,8.0,3.0,1.0,1.0,1.0,1.0,3.0,3.0,2.0,4.0,3.0,452.0,7.0,8.0,-3.436083801892515,18866.0
542c323bfdf99b324ea3808d,80.0,4.0,1.0,9.0,healthy,,,,,884.0,1169.0,1070.0,1176.0,1376.0,9.0,37.0,40.75,0.3893608380189251,2.0,1.0,3.0,0.0,15.0,35.0,xrpyznfk,fullinfo,50.0,1.0,0.0,8.0,1.0,1.0,0.0,1.0,5.0,6.0,5.0,4.0,3.0,4.0,712.0,7.0,0.0,1.813916198107485,4791.0
5d76ac914c93440001c03fd7,100.0,4.0,1.0,47.0,ill,,,,,,5959.0,3511.0,15256.0,16526.0,47.0,60.0,49.0,0.7407747635559568,1.0,1.0,4.0,1.0,50.0,0.0,xrpyznfk,neginfo,35.0,0.0,0.0,7.0,0.0,0.0,1.0,1.0,5.0,7.0,7.0,0.0,3.0,6.0,578.0,6.0,6.0,-25.077476355595678,41252.0
63483069e7c6931be7b56fe9,40.0,4.0,1.0,15.0,ill,,,,,1685.0,2204.0,1359.0,2099.0,2782.0,15.0,15.0,75.25,0.7407747635559568,1.0,1.0,4.0,1.0,5.0,57.5,xrpyznfk,baseline,27.0,0.0,0.0,7.0,3.0,4.0,0.0,1.0,6.0,8.0,3.0,0.0,0.0,6.0,681.5,0.0,4.0,1.1725236444043219,8444.0
60bceb1dcefc0afe67041489,40.0,4.0,0.0,28.0,ill,,,,,,18083.0,7762.0,653.0,519.0,28.0,10.0,25.25,0.7407747635559568,1.0,1.0,4.0,1.0,50.0,125.0,xrpyznfk,posinfo,48.0,0.0,0.0,7.0,7.0,1.0,1.0,0.0,6.0,9.0,8.0,7.0,4.0,7.0,561.0,3.0,8.0,-48.82747635559568,27017.0
5a67676a35f26b000149689d,20.0,4.0,0.0,20.0,ill,,,,,696.0,,,,,20.0,18.0,74.75,0.7407747635559568,1.0,1.0,4.0,1.0,10.0,40.0,xrpyznfk,fullinfo,28.0,1.0,0.0,9.0,2.0,1.0,1.0,0.0,0.0,1.0,0.0,0.0,1.0,0.0,724.0,7.0,5.0,0.6725236444043219,
5f8ef8e63fdd230d00f5d0e4,60.0,4.0,1.0,16.0,ill,,,,,,,,,277.0,16.0,18.0,18.75,0.7407747635559568,1.0,1.0,4.0,1.0,50.0,125.0,xrpyznfk,varinfo,48.0,0.0,0.0,7.0,2.0,1.0,1.0,1.0,2.0,4.0,6.0,6.0,2.0,3.0,654.0,4.0,5.0,-55.32747635559568,
5be1fe1eca095c0001ba077a,40.0,4.0,0.0,18.0,healthy,,,,,,,,100.0,,18.0,16.0,9.25,0.2231905552373149,4.0,1.0,3.2938,0.0,0.0,50.0,xrpyznfk,neginfo,51.0,1.0,1.0,8.0,2.0,1.0,1.0,0.0,4.0,2.0,6.0,3.0,2.0,5.0,440.0,3.0,,-13.069055523731489,
5d49d17b3dad1f0001e2aba1,20.0,4.0,0.0,20.0,healthy,,,,,,507.0,496.0,450.0,574.0,20.0,10.0,25.0,0.2231905552373149,4.0,1.0,3.2938,0.0,50.0,0.0,xrpyznfk,fullinfo,35.0,0.0,0.0,7.0,6.0,1.0,0.0,0.0,0.0,1.0,1.0,1.0,1.0,1.0,584.0,9.0,9.0,2.680944476268511,2027.0
61543eaa6278eff1d74aafc9,60.0,4.0,1.0,22.0,healthy,,,,,,2986.0,792.0,4909.0,1048.0,22.0,29.0,35.25,0.2231905552373149,4.0,1.0,3.2938,0.0,50.0,125.0,xrpyznfk,posinfo,25.0,1.0,1.0,6.0,1.0,2.0,1.0,0.0,6.0,3.0,7.0,4.0,5.0,3.0,614.0,5.0,6.0,12.930944476268511,9735.0
5b5523d6d8348500012cfccf,20.0,4.0,1.0,11.0,healthy,,,,,,455.0,420.0,529.0,587.0,11.0,18.0,28.0,0.2231905552373149,4.0,1.0,3.2938,0.0,10.0,40.0,xrpyznfk,varinfo,28.0,0.0,0.0,9.0,4.0,1.0,-1.0,0.0,-1.0,1.0,4.0,1.0,1.0,1.0,599.0,7.0,7.0,5.680944476268511,1991.0
60ca90c5c392ce24e1bb64f6,100.0,4.0,1.0,27.0,healthy,,,,,,3041.0,4006.0,14795.0,16583.0,27.0,50.0,57.75,0.7211150495107443,1.0,0.0,2.0,1.0,20.0,80.0,xrpyznfk,neginfo,54.0,1.0,0.0,7.0,3.0,1.0,1.0,0.0,4.0,6.0,6.0,7.0,3.0,6.0,616.0,8.0,7.0,-14.361504951074437,38425.0
5aae762bc4e8f200014b3f88,20.0,4.0,0.0,14.0,ill,,,,,,5024.0,990.0,9314.0,3768.0,14.0,3.0,65.0,0.7211150495107443,1.0,0.0,2.0,1.0,10.0,40.0,xrpyznfk,varinfo,34.0,1.0,0.0,7.0,2.0,1.0,0.0,1.0,1.0,7.0,5.0,1.0,0.0,4.0,642.0,0.0,3.0,-7.111504951074437,19096.0
612cc22830e71399b7a86841,80.0,4.0,0.0,47.0,ill,751.0,1297.0,,933.0,2883.0,1438.0,2137.0,1590.0,3541.0,47.0,46.0,61.25,0.7211150495107443,1.0,0.0,2.0,1.0,10.0,65.0,xrpyznfk,baseline,67.0,1.0,0.0,7.0,5.0,2.0,1.0,0.0,0.0,5.0,0.0,5.0,4.0,6.0,562.0,5.0,,-10.861504951074437,8706.0
6367d5a6f05f3b489c18f926,80.0,4.0,1.0,32.0,ill,7447.0,,,,,,,,,32.0,70.0,61.0,0.7211150495107443,1.0,0.0,2.0,1.0,0.0,50.0,xrpyznfk,posinfo,50.0,0.0,1.0,3.0,0.0,0.0,1.0,0.0,1.0,1.0,7.0,2.0,3.0,4.0,470.0,8.0,8.0,-11.111504951074437,
5e5bf97e74c9533e48e3609c,100.0,4.0,1.0,27.0,ill,,,,,1670340422307.0,553.0,548.0,1129.0,1337.0,27.0,30.0,25.0,0.7211150495107443,1.0,0.0,2.0,1.0,50.0,0.0,xrpyznfk,fullinfo,23.0,0.0,1.0,4.0,1.0,2.0,1.0,0.0,4.0,10.0,7.0,5.0,7.0,8.0,572.0,6.0,4.0,-47.11150495107444,3567.0
5d1c9d39ff67e3000140ca87,40.0,4.0,0.0,35.0,healthy,,,,,,,,,,35.0,0.0,50.25,0.4255575325190061,3.0,0.0,1.0,1.0,0.0,50.0,xrpyznfk,posinfo,58.0,0.0,0.0,5.0,6.0,1.0,1.0,0.0,2.0,0.0,1.0,0.0,4.0,2.0,490.0,9.0,9.0,7.6942467480993955,
5d5a75c570a7c1000152623e,60.0,4.0,1.0,19.0,ill,,,,,,3804.0,987.0,5964.0,3348.0,19.0,39.0,63.25,0.4255575325190061,3.0,0.0,1.0,1.0,0.0,50.0,xrpyznfk,varinfo,37.0,0.0,0.0,3.0,2.0,1.0,1.0,0.0,0.0,3.0,5.0,2.0,1.0,2.0,515.0,9.0,5.0,20.694246748099395,14103.0
6272f5f3d37c1c9e88c115a2,100.0,4.0,1.0,63.0,healthy,1698.0,656.0,,1918.0,1561.0,16343.0,6546.0,6245.0,5502.0,63.0,100.0,54.75,0.4255575325190061,3.0,0.0,1.0,1.0,25.0,25.0,xrpyznfk,baseline,44.0,0.0,0.0,8.0,5.0,1.0,1.0,0.0,0.0,6.0,2.0,2.0,1.0,6.0,518.0,6.0,7.0,12.194246748099395,34636.0
5e282e43266894a3e79a6eaa,80.0,4.0,1.0,49.0,healthy,,,,,,8791.0,5749.0,7232.0,5173.0,49.0,70.0,60.0,0.4255575325190061,3.0,0.0,1.0,1.0,15.0,72.5,xrpyznfk,neginfo,22.0,1.0,0.0,4.0,1.0,0.5,1.0,0.0,0.0,4.0,5.0,3.0,0.0,4.0,580.5,6.0,7.0,17.444246748099395,26945.0
603c124974df2e8f9f375fa8,20.0,4.0,0.0,6.0,healthy,1380.0,3412.0,,1519.0,4770.0,3319.0,2078.0,2159.0,1731.0,6.0,5.0,25.0,0.4255575325190061,3.0,0.0,1.0,1.0,50.0,0.0,xrpyznfk,fullinfo,38.0,1.0,0.0,5.0,5.0,0.5,1.0,0.0,0.0,2.0,2.0,3.0,0.0,2.0,561.0,5.0,5.0,-17.555753251900605,9287.0
6148fbe7c0cae76ed2c1657a,60.0,4.0,1.0,52.0,ill,,,,,,,742.0,6691.0,938.0,52.0,60.0,63.75,0.4255575325190061,3.0,0.0,1.0,1.0,15.0,72.5,xrpyznfk,neginfo,31.0,1.0,1.0,5.0,2.0,1.0,1.0,1.0,5.0,7.0,9.0,8.0,3.0,9.0,491.5,,9.0,21.194246748099395,
5d921a2e34fc500016df8e5f,20.0,5.0,0.0,8.0,ill,,,,,,664.0,587.0,496.0,902.0,8.0,0.0,62.75,0.6341355051774819,5.0,0.0,6.0,1.0,30.0,95.0,xrpyznfk,neginfo,40.0,1.0,0.0,6.0,0.0,0.0,1.0,1.0,2.0,2.0,4.0,3.0,2.0,2.0,685.0,5.0,5.0,-0.6635505177481846,2649.0
5a6b2c0d9d65ec00017e715e,80.0,5.0,1.0,31.0,ill,,,,,,,,,831.0,31.0,58.0,82.5,0.6341355051774819,5.0,0.0,6.0,1.0,30.0,95.0,xrpyznfk,varinfo,23.0,0.0,0.0,8.0,0.0,0.0,-1.0,0.0,0.0,5.0,4.0,6.0,7.0,7.0,481.0,9.0,4.0,19.086449482251815,
5780d9a1900cc80001d2d1c2,80.0,5.0,0.0,65.0,ill,,,,,,,,,,65.0,50.0,80.25,0.6341355051774819,5.0,0.0,6.0,1.0,0.0,50.0,xrpyznfk,baseline,66.0,0.0,0.0,4.0,2.0,1.0,0.0,0.0,2.0,3.0,5.0,3.0,5.0,3.0,536.0,8.0,7.0,16.836449482251815,
5fb4661ad97d9a1668f07086,60.0,5.0,0.0,56.0,ill,626.0,1244.0,,776.0,,7246.0,2103.0,1645.0,870.0,56.0,35.0,19.0,0.6341355051774819,5.0,0.0,6.0,1.0,10.0,65.0,xrpyznfk,posinfo,39.0,1.0,0.0,8.0,3.0,1.0,1.0,1.0,1.0,3.0,3.0,2.0,4.0,3.0,452.0,7.0,8.0,-44.413550517748185,11864.0
542c323bfdf99b324ea3808d,20.0,5.0,1.0,3.0,healthy,,,,,713.0,530.0,551.0,608.0,856.0,3.0,7.0,59.25,0.6341355051774819,5.0,0.0,6.0,1.0,15.0,35.0,xrpyznfk,fullinfo,50.0,1.0,0.0,8.0,1.0,1.0,0.0,1.0,5.0,6.0,5.0,4.0,3.0,4.0,712.0,7.0,0.0,-4.163550517748185,2545.0
5d76ac914c93440001c03fd7,20.0,5.0,1.0,3.0,healthy,,,,,,1199.0,2535.0,7656.0,3255.0,3.0,10.0,41.5,0.5124973880813042,4.0,1.0,7.0,0.0,50.0,0.0,xrpyznfk,neginfo,35.0,0.0,0.0,7.0,0.0,0.0,1.0,1.0,5.0,7.0,7.0,0.0,3.0,6.0,578.0,6.0,6.0,-9.749738808130417,14645.0
63483069e7c6931be7b56fe9,80.0,5.0,0.0,49.0,healthy,,,,,693.0,796.0,1334.0,2079.0,2719.0,49.0,31.0,41.0,0.5124973880813042,4.0,1.0,7.0,0.0,5.0,57.5,xrpyznfk,baseline,27.0,0.0,0.0,7.0,3.0,4.0,0.0,1.0,6.0,8.0,3.0,0.0,0.0,6.0,681.5,0.0,4.0,-10.249738808130417,6928.0
60bceb1dcefc0afe67041489,20.0,5.0,1.0,2.0,healthy,,,,,,1253.0,2486.0,840.0,2619.0,2.0,5.0,30.0,0.5124973880813042,4.0,1.0,7.0,0.0,50.0,125.0,xrpyznfk,posinfo,48.0,0.0,0.0,7.0,7.0,1.0,1.0,0.0,6.0,9.0,8.0,7.0,4.0,7.0,561.0,3.0,8.0,-21.249738808130417,7198.0
5a67676a35f26b000149689d,80.0,5.0,1.0,43.0,ill,,,,,900.0,,,,,43.0,50.0,51.75,0.5124973880813042,4.0,1.0,7.0,0.0,10.0,40.0,xrpyznfk,fullinfo,28.0,1.0,0.0,9.0,2.0,1.0,1.0,0.0,0.0,1.0,0.0,0.0,1.0,0.0,724.0,7.0,5.0,0.5002611918695834,
5f8ef8e63fdd230d00f5d0e4,100.0,5.0,0.0,98.0,healthy,,,,,,,,,333.0,98.0,50.0,49.0,0.5124973880813042,4.0,1.0,7.0,0.0,50.0,125.0,xrpyznfk,varinfo,48.0,0.0,0.0,7.0,2.0,1.0,1.0,1.0,2.0,4.0,6.0,6.0,2.0,3.0,654.0,4.0,5.0,-2.2497388081304166,
5be1fe1eca095c0001ba077a,60.0,5.0,1.0,16.0,healthy,,,,,,,,,,16.0,29.0,5.5,0.365864494822518,3.0,1.0,4.0,0.0,0.0,50.0,xrpyznfk,neginfo,51.0,1.0,1.0,8.0,2.0,1.0,1.0,0.0,4.0,2.0,6.0,3.0,2.0,5.0,440.0,3.0,,-31.0864494822518,
5d49d17b3dad1f0001e2aba1,80.0,5.0,1.0,4.0,healthy,,,,,,630.0,585.0,586.0,732.0,4.0,40.0,35.0,0.365864494822518,3.0,1.0,4.0,0.0,50.0,0.0,xrpyznfk,fullinfo,35.0,0.0,0.0,7.0,6.0,1.0,0.0,0.0,0.0,1.0,1.0,1.0,1.0,1.0,584.0,9.0,9.0,-1.5864494822518012,2533.0
61543eaa6278eff1d74aafc9,100.0,5.0,0.0,80.0,healthy,,,,,,1048.0,896.0,1270.0,777.0,80.0,57.0,49.5,0.365864494822518,3.0,1.0,4.0,0.0,50.0,125.0,xrpyznfk,posinfo,25.0,1.0,1.0,6.0,1.0,2.0,1.0,0.0,6.0,3.0,7.0,4.0,5.0,3.0,614.0,5.0,6.0,12.913550517748199,3991.0
5b5523d6d8348500012cfccf,60.0,5.0,1.0,7.0,ill,,,,,,1065.0,483.0,522.0,589.0,7.0,60.0,12.0,0.365864494822518,3.0,1.0,4.0,0.0,10.0,40.0,xrpyznfk,varinfo,28.0,0.0,0.0,9.0,4.0,1.0,-1.0,0.0,-1.0,1.0,4.0,1.0,1.0,1.0,599.0,7.0,7.0,-24.5864494822518,2659.0
60ca90c5c392ce24e1bb64f6,80.0,5.0,1.0,20.0,ill,,,,,,1167.0,2160.0,8016.0,11784.0,20.0,30.0,71.0,0.9791636026454348,0.0,0.0,9.0,1.0,20.0,80.0,xrpyznfk,neginfo,54.0,1.0,0.0,7.0,3.0,1.0,1.0,0.0,4.0,6.0,6.0,7.0,3.0,6.0,616.0,8.0,7.0,-26.916360264543485,23127.0
5aae762bc4e8f200014b3f88,80.0,5.0,1.0,30.0,ill,,,,,,2188.0,1047.0,6888.0,5828.0,30.0,42.0,75.0,0.9791636026454348,0.0,0.0,9.0,1.0,10.0,40.0,xrpyznfk,varinfo,34.0,1.0,0.0,7.0,2.0,1.0,0.0,1.0,1.0,7.0,5.0,1.0,0.0,4.0,642.0,0.0,3.0,-22.916360264543485,15951.0
612cc22830e71399b7a86841,20.0,5.0,0.0,9.0,ill,,,,,1431.0,1121.0,1583.0,1791.0,2060.0,9.0,5.0,28.5,0.9791636026454348,0.0,0.0,9.0,1.0,10.0,65.0,xrpyznfk,baseline,67.0,1.0,0.0,7.0,5.0,2.0,1.0,0.0,0.0,5.0,0.0,5.0,4.0,6.0,562.0,5.0,,-69.41636026454348,6555.0
6367d5a6f05f3b489c18f926,40.0,5.0,1.0,15.0,ill,,,,,,,,,,15.0,35.0,69.0,0.9791636026454348,0.0,0.0,9.0,1.0,0.0,50.0,xrpyznfk,posinfo,50.0,0.0,1.0,3.0,0.0,0.0,1.0,0.0,1.0,1.0,7.0,2.0,3.0,4.0,470.0,8.0,8.0,-28.916360264543485,
5e5bf97e74c9533e48e3609c,80.0,5.0,1.0,31.0,ill,,,,,666.0,9651.0,1393.0,2532.0,1280.0,31.0,50.0,43.0,0.9791636026454348,0.0,0.0,9.0,1.0,50.0,0.0,xrpyznfk,fullinfo,23.0,0.0,1.0,4.0,1.0,2.0,1.0,0.0,4.0,10.0,7.0,5.0,7.0,8.0,572.0,6.0,4.0,-54.916360264543485,14856.0
5d1c9d39ff67e3000140ca87,60.0,5.0,0.0,19.0,healthy,,,,,,520.0,502.0,504.0,488.0,19.0,0.0,28.0,0.0083405814681687,9.285,1.0,0.0,0.0,0.0,50.0,xrpyznfk,posinfo,58.0,0.0,0.0,5.0,6.0,1.0,1.0,0.0,2.0,0.0,1.0,0.0,4.0,2.0,490.0,9.0,9.0,27.16594185318313,2014.0
5d5a75c570a7c1000152623e,100.0,5.0,0.0,67.0,healthy,,,,,,,,,3553.0,67.0,64.0,63.0,0.0083405814681687,9.285,1.0,0.0,0.0,0.0,50.0,xrpyznfk,varinfo,37.0,0.0,0.0,3.0,2.0,1.0,1.0,0.0,0.0,3.0,5.0,2.0,1.0,2.0,515.0,9.0,5.0,62.16594185318313,
6272f5f3d37c1c9e88c115a2,60.0,5.0,1.0,20.0,healthy,,,,,,4672.0,1054.0,1281.0,2474.0,20.0,20.0,15.0,0.0083405814681687,9.285,1.0,0.0,0.0,25.0,25.0,xrpyznfk,baseline,44.0,0.0,0.0,8.0,5.0,1.0,1.0,0.0,0.0,6.0,2.0,2.0,1.0,6.0,518.0,6.0,7.0,14.16594185318313,9481.0
5e282e43266894a3e79a6eaa,20.0,5.0,0.0,9.0,healthy,,,,,,2823.0,4951.0,1366.0,1577.0,9.0,0.0,5.0,0.0083405814681687,9.285,1.0,0.0,0.0,15.0,72.5,xrpyznfk,neginfo,22.0,1.0,0.0,4.0,1.0,0.5,1.0,0.0,0.0,4.0,5.0,3.0,0.0,4.0,580.5,6.0,7.0,4.16594185318313,10717.0
603c124974df2e8f9f375fa8,80.0,5.0,0.0,25.0,healthy,1311.0,2083.0,,960.0,3827.0,5718.0,6820.0,4642.0,6166.0,25.0,20.0,0.0,0.0083405814681687,9.285,1.0,0.0,0.0,50.0,0.0,xrpyznfk,fullinfo,38.0,1.0,0.0,5.0,5.0,0.5,1.0,0.0,0.0,2.0,2.0,3.0,0.0,2.0,561.0,5.0,5.0,-0.83405814681687,23346.0
6148fbe7c0cae76ed2c1657a,40.0,5.0,1.0,20.0,ill,,,,,,4760.0,2149.0,3793.0,3853.0,20.0,34.0,65.75,0.6341355051774819,5.0,0.0,6.0,1.0,15.0,72.5,xrpyznfk,neginfo,31.0,1.0,1.0,5.0,2.0,1.0,1.0,1.0,5.0,7.0,9.0,8.0,3.0,9.0,491.5,,9.0,2.3364494822518154,14555.0
